[INFO] Scanning for projects...
[INFO] 
[INFO] ------------------< org.peluqueriaFAR:peluqueriaFAR >-------------------
[INFO] Building eluqueriaFAR 0.0.1-SNAPSHOT
[INFO]   from pom.xml
[INFO] --------------------------------[ jar ]---------------------------------
[INFO] 
[INFO] >>> spring-boot:4.0.3:run (default-cli) > test-compile @ peluqueriaFAR >>>
[INFO] 
[INFO] --- resources:3.3.1:resources (default-resources) @ peluqueriaFAR ---
[INFO] Copying 1 resource from src\main\resources to target\classes
[INFO] Copying 1 resource from src\main\resources to target\classes
[INFO] 
[INFO] --- compiler:3.14.1:compile (default-compile) @ peluqueriaFAR ---
[INFO] Nothing to compile - all classes are up to date.
[INFO] 
[INFO] --- resources:3.3.1:testResources (default-testResources) @ peluqueriaFAR ---
[INFO] skip non existing resourceDirectory C:\Users\a950660\OneDrive - ATOS\Documentos\Proyecto\peluqueriaFARbackend-develop\peluqueriaFARbackend-develop\src\test\resources
[INFO] 
[INFO] --- compiler:3.14.1:testCompile (default-testCompile) @ peluqueriaFAR ---
[INFO] No sources to compile
[INFO] 
[INFO] <<< spring-boot:4.0.3:run (default-cli) < test-compile @ peluqueriaFAR <<<
[INFO] 
[INFO] 
[INFO] --- spring-boot:4.0.3:run (default-cli) @ peluqueriaFAR ---
[INFO] Attaching agents: []

  .   ____          _            __ _ _
 /\\ / ___'_ __ _ _(_)_ __  __ _ \ \ \ \
( ( )\___ | '_ | '_| | '_ \/ _` | \ \ \ \
 \\/  ___)| |_)| | | | | || (_| |  ) ) ) )
  '  |____| .__|_| |_|_| |_\__, | / / / /
 =========|_|==============|___/=/_/_/_/

 :: Spring Boot ::                (v4.0.3)

2026-05-13T14:45:40.099+02:00  INFO 16660 --- [peluqueriaFAR] [           main] o.p.p.PeluqueriaFarApplication           : Starting PeluqueriaFarApplication using Java 17.0.12 with PID 16660 (C:\Users\a950660\OneDrive - ATOS\Documentos\Proyecto\peluqueriaFARbackend-develop\peluqueriaFARbackend-develop\target\classes started by a950660 in C:\Users\a950660\OneDrive - ATOS\Documentos\Proyecto\peluqueriaFARbackend-develop\peluqueriaFARbackend-develop)
2026-05-13T14:45:40.106+02:00  INFO 16660 --- [peluqueriaFAR] [           main] o.p.p.PeluqueriaFarApplication           : No active profile set, falling back to 1 default profile: "default"
2026-05-13T14:45:40.107+02:00 DEBUG 16660 --- [peluqueriaFAR] [           main] o.s.boot.SpringApplication               : Loading source class org.peluqueriaFAR.peluqueriaFAR.PeluqueriaFarApplication
2026-05-13T14:45:40.156+02:00 DEBUG 16660 --- [peluqueriaFAR] [           main] ConfigServletWebServerApplicationContext : Refreshing org.springframework.boot.web.server.servlet.context.AnnotationConfigServletWebServerApplicationContext@78641d23
2026-05-13T14:45:40.988+02:00  INFO 16660 --- [peluqueriaFAR] [           main] .s.d.r.c.RepositoryConfigurationDelegate : Bootstrapping Spring Data JPA repositories in DEFAULT mode.
2026-05-13T14:45:41.006+02:00 DEBUG 16660 --- [peluqueriaFAR] [           main] o.s.b.a.AutoConfigurationPackages        : @EnableAutoConfiguration was declared on a class in the package 'org.peluqueriaFAR.peluqueriaFAR'. Automatic @Repository and @Entity scanning is enabled.
2026-05-13T14:45:41.090+02:00  INFO 16660 --- [peluqueriaFAR] [           main] .s.d.r.c.RepositoryConfigurationDelegate : Finished Spring Data repository scanning in 91 ms. Found 6 JPA repository interfaces.
2026-05-13T14:45:41.825+02:00 DEBUG 16660 --- [peluqueriaFAR] [           main] o.s.b.t.s.TomcatServletWebServerFactory  : Code archive: C:\Users\a950660\.m2\repository\org\springframework\boot\spring-boot-web-server\4.0.3\spring-boot-web-server-4.0.3.jar
2026-05-13T14:45:41.825+02:00 DEBUG 16660 --- [peluqueriaFAR] [           main] o.s.b.t.s.TomcatServletWebServerFactory  : Code archive: C:\Users\a950660\.m2\repository\org\springframework\boot\spring-boot-web-server\4.0.3\spring-boot-web-server-4.0.3.jar
2026-05-13T14:45:41.825+02:00 DEBUG 16660 --- [peluqueriaFAR] [           main] o.s.b.t.s.TomcatServletWebServerFactory  : None of the document roots [src/main/webapp, public, static] point to a directory and will be ignored.
2026-05-13T14:45:41.852+02:00  INFO 16660 --- [peluqueriaFAR] [           main] o.s.boot.tomcat.TomcatWebServer          : Tomcat initialized with port 8081 (http)
2026-05-13T14:45:41.874+02:00  INFO 16660 --- [peluqueriaFAR] [           main] o.apache.catalina.core.StandardService   : Starting service [Tomcat]
2026-05-13T14:45:41.874+02:00  INFO 16660 --- [peluqueriaFAR] [           main] o.apache.catalina.core.StandardEngine    : Starting Servlet engine: [Apache Tomcat/11.0.18]
2026-05-13T14:45:41.937+02:00 DEBUG 16660 --- [peluqueriaFAR] [           main] b.w.c.s.WebApplicationContextInitializer : Published root WebApplicationContext as ServletContext attribute with name [org.springframework.web.context.WebApplicationContext.ROOT]
2026-05-13T14:45:41.953+02:00  INFO 16660 --- [peluqueriaFAR] [           main] b.w.c.s.WebApplicationContextInitializer : Root WebApplicationContext: initialization completed in 1790 ms
2026-05-13T14:45:42.086+02:00  INFO 16660 --- [peluqueriaFAR] [           main] org.hibernate.orm.jpa                    : HHH008540: Processing PersistenceUnitInfo [name: default]
2026-05-13T14:45:42.186+02:00  INFO 16660 --- [peluqueriaFAR] [           main] org.hibernate.orm.core                   : HHH000001: Hibernate ORM core version 7.2.4.Final
2026-05-13T14:45:42.870+02:00  INFO 16660 --- [peluqueriaFAR] [           main] o.s.o.j.p.SpringPersistenceUnitInfo      : No LoadTimeWeaver setup: ignoring JPA class transformer
2026-05-13T14:45:42.925+02:00  INFO 16660 --- [peluqueriaFAR] [           main] com.zaxxer.hikari.HikariDataSource       : HikariPool-1 - Starting...
2026-05-13T14:45:43.189+02:00  INFO 16660 --- [peluqueriaFAR] [           main] com.zaxxer.hikari.pool.HikariPool        : HikariPool-1 - Added connection com.mysql.cj.jdbc.ConnectionImpl@556aed22
2026-05-13T14:45:43.192+02:00  INFO 16660 --- [peluqueriaFAR] [           main] com.zaxxer.hikari.HikariDataSource       : HikariPool-1 - Start completed.
2026-05-13T14:45:43.277+02:00  WARN 16660 --- [peluqueriaFAR] [           main] org.hibernate.orm.deprecation            : HHH90000025: MySQLDialect does not need to be specified explicitly using 'hibernate.dialect' (remove the property setting and it will be selected by default)
2026-05-13T14:45:43.323+02:00  INFO 16660 --- [peluqueriaFAR] [           main] org.hibernate.orm.connections.pooling    : HHH10001005: Database info:
	Database JDBC URL [jdbc:mysql://localhost:3306/peluqueriaFAR?useSSL=false&allowPublicKeyRetrieval=true&serverTimezone=UTC]
	Database driver: MySQL Connector/J
	Database dialect: MySQLDialect
	Database version: 8.0.45
	Default catalog/schema: peluqueriaFAR/undefined
	Autocommit mode: undefined/unknown
	Isolation level: REPEATABLE_READ [default REPEATABLE_READ]
	JDBC fetch size: none
	Pool: DataSourceConnectionProvider
	Minimum pool size: undefined/unknown
	Maximum pool size: undefined/unknown
2026-05-13T14:45:45.086+02:00  INFO 16660 --- [peluqueriaFAR] [           main] org.hibernate.orm.core                   : HHH000489: No JTA platform available (set 'hibernate.transaction.jta.platform' to enable JTA platform integration)
2026-05-13T14:45:45.312+02:00  INFO 16660 --- [peluqueriaFAR] [           main] j.LocalContainerEntityManagerFactoryBean : Initialized JPA EntityManagerFactory for persistence unit 'default'
2026-05-13T14:45:45.396+02:00  INFO 16660 --- [peluqueriaFAR] [           main] o.s.d.j.r.query.QueryEnhancerFactories   : Hibernate is in classpath; If applicable, HQL parser will be used.
2026-05-13T14:45:47.199+02:00 DEBUG 16660 --- [peluqueriaFAR] [           main] o.s.b.w.s.ServletContextInitializerBeans : Mapping filters: springSecurityFilterChain urls=[/*] order=-100, characterEncodingFilter urls=[/*] order=-2147483648, formContentFilter urls=[/*] order=-9900, requestContextFilter urls=[/*] order=-105, jwtAuthenticationFilter urls=[/*] order=2147483647
2026-05-13T14:45:47.206+02:00 DEBUG 16660 --- [peluqueriaFAR] [           main] o.s.b.w.s.ServletContextInitializerBeans : Mapping servlets: dispatcherServlet urls=[/]
2026-05-13T14:45:47.252+02:00 DEBUG 16660 --- [peluqueriaFAR] [           main] o.s.b.s.f.OrderedRequestContextFilter    : Filter 'requestContextFilter' configured for use
2026-05-13T14:45:47.256+02:00 DEBUG 16660 --- [peluqueriaFAR] [           main] o.s.b.s.f.OrderedCharacterEncodingFilter : Filter 'characterEncodingFilter' configured for use
2026-05-13T14:45:47.256+02:00 DEBUG 16660 --- [peluqueriaFAR] [           main] .DelegatingFilterProxyRegistrationBean$1 : Filter 'springSecurityFilterChain' configured for use
2026-05-13T14:45:47.256+02:00 DEBUG 16660 --- [peluqueriaFAR] [           main] o.s.b.s.filter.OrderedFormContentFilter  : Filter 'formContentFilter' configured for use
2026-05-13T14:45:48.774+02:00  INFO 16660 --- [peluqueriaFAR] [           main] eAuthenticationProviderManagerConfigurer : Global AuthenticationManager configured with AuthenticationProvider bean with name authenticationProvider
2026-05-13T14:45:48.776+02:00  WARN 16660 --- [peluqueriaFAR] [           main] r$InitializeUserDetailsManagerConfigurer : Global AuthenticationManager configured with an AuthenticationProvider bean. UserDetailsService beans will not be used by Spring Security for automatically configuring username/password login. Consider removing the AuthenticationProvider bean. Alternatively, consider using the UserDetailsService in a manually instantiated DaoAuthenticationProvider. If the current configuration is intentional, to turn off this warning, increase the logging level of 'org.springframework.security.config.annotation.authentication.configuration.InitializeUserDetailsBeanManagerConfigurer' to ERROR
2026-05-13T14:45:48.916+02:00  WARN 16660 --- [peluqueriaFAR] [           main] JpaBaseConfiguration$JpaWebConfiguration : spring.jpa.open-in-view is enabled by default. Therefore, database queries may be performed during view rendering. Explicitly configure spring.jpa.open-in-view to disable this warning
2026-05-13T14:45:49.384+02:00 DEBUG 16660 --- [peluqueriaFAR] [           main] s.w.s.m.m.a.RequestMappingHandlerMapping : 24 mappings in 'requestMappingHandlerMapping'
2026-05-13T14:45:49.437+02:00 DEBUG 16660 --- [peluqueriaFAR] [           main] o.s.w.s.handler.SimpleUrlHandlerMapping  : Patterns [/webjars/**, /**] in 'resourceHandlerMapping'
2026-05-13T14:45:49.486+02:00 DEBUG 16660 --- [peluqueriaFAR] [           main] s.w.s.m.m.a.RequestMappingHandlerAdapter : ControllerAdvice beans: 0 @ModelAttribute, 0 @InitBinder, 2 RequestBodyAdvice, 1 ResponseBodyAdvice
2026-05-13T14:45:49.614+02:00 DEBUG 16660 --- [peluqueriaFAR] [           main] .m.m.a.ExceptionHandlerExceptionResolver : ControllerAdvice beans: 0 @ExceptionHandler, 1 ResponseBodyAdvice
2026-05-13T14:45:49.782+02:00  INFO 16660 --- [peluqueriaFAR] [           main] o.s.boot.tomcat.TomcatWebServer          : Tomcat started on port 8081 (http) with context path '/'
2026-05-13T14:45:49.795+02:00 DEBUG 16660 --- [peluqueriaFAR] [           main] .s.b.a.l.ConditionEvaluationReportLogger : 


============================
CONDITIONS EVALUATION REPORT
============================


Positive matches:
-----------------

   AopAutoConfiguration matched:
      - @ConditionalOnBooleanProperty (spring.aop.auto=true) matched (OnPropertyCondition)

   AopAutoConfiguration.AspectJAutoProxyingConfiguration matched:
      - @ConditionalOnClass found required class 'org.aspectj.weaver.Advice' (OnClassCondition)

   AopAutoConfiguration.AspectJAutoProxyingConfiguration.CglibAutoProxyConfiguration matched:
      - @ConditionalOnBooleanProperty (spring.aop.proxy-target-class=true) matched (OnPropertyCondition)

   ApplicationAvailabilityAutoConfiguration#applicationAvailability matched:
      - @ConditionalOnMissingBean (types: org.springframework.boot.availability.ApplicationAvailability; SearchStrategy: all) did not find any beans (OnBeanCondition)

   DataJpaRepositoriesAutoConfiguration matched:
      - @ConditionalOnClass found required class 'org.springframework.data.jpa.repository.JpaRepository' (OnClassCondition)
      - @ConditionalOnBooleanProperty (spring.data.jpa.repositories.enabled=true) matched (OnPropertyCondition)
      - @ConditionalOnBean (types: javax.sql.DataSource; SearchStrategy: all) found bean 'dataSource'; @ConditionalOnMissingBean (types: org.springframework.data.jpa.repository.support.JpaRepositoryFactoryBean,org.springframework.data.jpa.repository.config.JpaRepositoryConfigExtension; SearchStrategy: all) did not find any beans (OnBeanCondition)

   DataSourceAutoConfiguration matched:
      - @ConditionalOnClass found required classes 'javax.sql.DataSource', 'org.springframework.jdbc.datasource.embedded.EmbeddedDatabaseType' (OnClassCondition)
      - @ConditionalOnMissingBean (types: io.r2dbc.spi.ConnectionFactory; SearchStrategy: all) did not find any beans (OnBeanCondition)

   DataSourceAutoConfiguration.PooledDataSourceConfiguration matched:
      - AnyNestedCondition 1 matched 1 did not; NestedCondition on DataSourceAutoConfiguration.PooledDataSourceCondition.PooledDataSourceAvailable PooledDataSource found supported DataSource; NestedCondition on DataSourceAutoConfiguration.PooledDataSourceCondition.ExplicitType @ConditionalOnProperty (spring.datasource.type) did not find property 'spring.datasource.type' (DataSourceAutoConfiguration.PooledDataSourceCondition)
      - @ConditionalOnMissingBean (types: javax.sql.DataSource,javax.sql.XADataSource; SearchStrategy: all) did not find any beans (OnBeanCondition)

   DataSourceAutoConfiguration.PooledDataSourceConfiguration#jdbcConnectionDetails matched:
      - @ConditionalOnMissingBean (types: org.springframework.boot.jdbc.autoconfigure.JdbcConnectionDetails; SearchStrategy: all) did not find any beans (OnBeanCondition)

   DataSourceConfiguration.Hikari matched:
      - @ConditionalOnClass found required class 'com.zaxxer.hikari.HikariDataSource' (OnClassCondition)
      - @ConditionalOnProperty (spring.datasource.type=com.zaxxer.hikari.HikariDataSource) matched (OnPropertyCondition)
      - @ConditionalOnMissingBean (types: javax.sql.DataSource; SearchStrategy: all) did not find any beans (OnBeanCondition)

   DataSourceInitializationAutoConfiguration matched:
      - @ConditionalOnClass found required class 'org.springframework.jdbc.datasource.init.DatabasePopulator' (OnClassCondition)
      - SQL InitializationDatabase Initialization default value is EMBEDDED (OnSqlInitializationCondition)
      - @ConditionalOnSingleCandidate (types: javax.sql.DataSource; SearchStrategy: all) found a single bean 'dataSource'; @ConditionalOnMissingBean (types: org.springframework.boot.sql.autoconfigure.init.ApplicationScriptDatabaseInitializer; SearchStrategy: all) did not find any beans (OnBeanCondition)

   DataSourcePoolMetadataProvidersConfiguration.HikariPoolDataSourceMetadataProviderConfiguration matched:
      - @ConditionalOnClass found required class 'com.zaxxer.hikari.HikariDataSource' (OnClassCondition)

   DataSourceTransactionManagerAutoConfiguration matched:
      - @ConditionalOnClass found required classes 'javax.sql.DataSource', 'org.springframework.jdbc.core.JdbcTemplate', 'org.springframework.transaction.TransactionManager' (OnClassCondition)

   DataSourceTransactionManagerAutoConfiguration.JdbcTransactionManagerConfiguration matched:
      - @ConditionalOnSingleCandidate (types: javax.sql.DataSource; SearchStrategy: all) found a single bean 'dataSource' (OnBeanCondition)

   DataWebAutoConfiguration matched:
      - @ConditionalOnClass found required classes 'org.springframework.data.web.PageableHandlerMethodArgumentResolver', 'org.springframework.web.servlet.config.annotation.WebMvcConfigurer' (OnClassCondition)
      - found 'session' scope (OnWebApplicationCondition)
      - @ConditionalOnMissingBean (types: org.springframework.data.web.PageableHandlerMethodArgumentResolver; SearchStrategy: all) did not find any beans (OnBeanCondition)

   DataWebAutoConfiguration#pageableCustomizer matched:
      - @ConditionalOnMissingBean (types: org.springframework.data.web.config.PageableHandlerMethodArgumentResolverCustomizer; SearchStrategy: all) did not find any beans (OnBeanCondition)

   DataWebAutoConfiguration#sortCustomizer matched:
      - @ConditionalOnMissingBean (types: org.springframework.data.web.config.SortHandlerMethodArgumentResolverCustomizer; SearchStrategy: all) did not find any beans (OnBeanCondition)

   DataWebAutoConfiguration#springDataWebSettings matched:
      - @ConditionalOnMissingBean (types: org.springframework.data.web.config.SpringDataWebSettings; SearchStrategy: all) did not find any beans (OnBeanCondition)

   DispatcherServletAutoConfiguration matched:
      - @ConditionalOnClass found required class 'org.springframework.web.servlet.DispatcherServlet' (OnClassCondition)
      - found 'session' scope (OnWebApplicationCondition)

   DispatcherServletAutoConfiguration.DispatcherServletConfiguration matched:
      - @ConditionalOnClass found required class 'jakarta.servlet.ServletRegistration' (OnClassCondition)
      - Default DispatcherServlet did not find dispatcher servlet beans (DispatcherServletAutoConfiguration.DefaultDispatcherServletCondition)

   DispatcherServletAutoConfiguration.DispatcherServletRegistrationConfiguration matched:
      - @ConditionalOnClass found required class 'jakarta.servlet.ServletRegistration' (OnClassCondition)
      - DispatcherServlet Registration did not find servlet registration bean (DispatcherServletAutoConfiguration.DispatcherServletRegistrationCondition)

   DispatcherServletAutoConfiguration.DispatcherServletRegistrationConfiguration#dispatcherServletRegistration matched:
      - @ConditionalOnBean (names: dispatcherServlet types: org.springframework.web.servlet.DispatcherServlet; SearchStrategy: all) found bean 'dispatcherServlet' (OnBeanCondition)

   ErrorMvcAutoConfiguration matched:
      - @ConditionalOnClass found required classes 'jakarta.servlet.Servlet', 'org.springframework.web.servlet.DispatcherServlet' (OnClassCondition)
      - found 'session' scope (OnWebApplicationCondition)

   ErrorMvcAutoConfiguration#basicErrorController matched:
      - @ConditionalOnMissingBean (types: org.springframework.boot.webmvc.error.ErrorController; SearchStrategy: current) did not find any beans (OnBeanCondition)

   ErrorMvcAutoConfiguration#errorAttributes matched:
      - @ConditionalOnMissingBean (types: org.springframework.boot.webmvc.error.ErrorAttributes; SearchStrategy: current) did not find any beans (OnBeanCondition)

   ErrorMvcAutoConfiguration.DefaultErrorViewResolverConfiguration#conventionErrorViewResolver matched:
      - @ConditionalOnBean (types: org.springframework.web.servlet.DispatcherServlet; SearchStrategy: all) found bean 'dispatcherServlet'; @ConditionalOnMissingBean (types: org.springframework.boot.webmvc.autoconfigure.error.ErrorViewResolver; SearchStrategy: all) did not find any beans (OnBeanCondition)

   ErrorMvcAutoConfiguration.WhitelabelErrorViewConfiguration matched:
      - @ConditionalOnBooleanProperty (spring.web.error.whitelabel.enabled=true) matched (OnPropertyCondition)
      - ErrorTemplate Missing did not find error template view (ErrorMvcAutoConfiguration.ErrorTemplateMissingCondition)

   ErrorMvcAutoConfiguration.WhitelabelErrorViewConfiguration#beanNameViewResolver matched:
      - @ConditionalOnMissingBean (types: org.springframework.web.servlet.view.BeanNameViewResolver; SearchStrategy: all) did not find any beans (OnBeanCondition)

   ErrorMvcAutoConfiguration.WhitelabelErrorViewConfiguration#defaultErrorView matched:
      - @ConditionalOnMissingBean (names: error; SearchStrategy: all) did not find any beans (OnBeanCondition)

   HibernateJpaAutoConfiguration matched:
      - @ConditionalOnClass found required classes 'org.springframework.orm.jpa.LocalContainerEntityManagerFactoryBean', 'jakarta.persistence.EntityManager', 'org.hibernate.engine.spi.SessionImplementor' (OnClassCondition)

   HibernateJpaConfiguration matched:
      - @ConditionalOnSingleCandidate (types: javax.sql.DataSource; SearchStrategy: all) found a single bean 'dataSource' (OnBeanCondition)

   HttpEncodingAutoConfiguration matched:
      - @ConditionalOnClass found required class 'org.springframework.web.filter.CharacterEncodingFilter' (OnClassCondition)
      - found 'session' scope (OnWebApplicationCondition)
      - @ConditionalOnBooleanProperty (spring.servlet.encoding.enabled=true) matched (OnPropertyCondition)

   HttpEncodingAutoConfiguration#characterEncodingFilter matched:
      - @ConditionalOnMissingBean (types: org.springframework.web.filter.CharacterEncodingFilter; SearchStrategy: all) did not find any beans (OnBeanCondition)

   HttpMessageConvertersAutoConfiguration matched:
      - @ConditionalOnClass found required class 'org.springframework.http.converter.HttpMessageConverter' (OnClassCondition)
      - NoneNestedConditions 0 matched 1 did not; NestedCondition on HttpMessageConvertersAutoConfiguration.NotReactiveWebApplicationCondition.ReactiveWebApplication did not find reactive web application classes (HttpMessageConvertersAutoConfiguration.NotReactiveWebApplicationCondition)

   HttpMessageConvertersAutoConfiguration.StringHttpMessageConverterConfiguration#stringHttpMessageConvertersCustomizer matched:
      - @ConditionalOnMissingBean (types: org.springframework.http.converter.StringHttpMessageConverter; SearchStrategy: all) did not find any beans (OnBeanCondition)

   JacksonAutoConfiguration matched:
      - @ConditionalOnClass found required class 'tools.jackson.databind.json.JsonMapper' (OnClassCondition)

   JacksonAutoConfiguration#jacksonJsonMapper matched:
      - @ConditionalOnMissingBean (types: tools.jackson.databind.json.JsonMapper; SearchStrategy: all) did not find any beans (OnBeanCondition)

   JacksonAutoConfiguration#jsonMapperBuilder matched:
      - @ConditionalOnMissingBean (types: tools.jackson.databind.json.JsonMapper$Builder; SearchStrategy: all) did not find any beans (OnBeanCondition)

   JacksonAutoConfiguration.JsonProblemDetailsConfiguration matched:
      - @ConditionalOnClass found required class 'org.springframework.http.ProblemDetail' (OnClassCondition)

   JacksonHttpMessageConvertersConfiguration.JacksonJsonHttpMessageConverterConfiguration matched:
      - @ConditionalOnClass found required class 'tools.jackson.databind.json.JsonMapper' (OnClassCondition)
      - @ConditionalOnProperty (spring.http.converters.preferred-json-mapper=jackson) matched (OnPropertyCondition)
      - @ConditionalOnBean (types: tools.jackson.databind.json.JsonMapper; SearchStrategy: all) found bean 'jacksonJsonMapper' (OnBeanCondition)

   JacksonHttpMessageConvertersConfiguration.JacksonJsonHttpMessageConverterConfiguration#jacksonJsonHttpMessageConvertersCustomizer matched:
      - @ConditionalOnMissingBean (types: org.springframework.http.converter.json.JacksonJsonHttpMessageConverter ignored: org.springframework.hateoas.server.mvc.TypeConstrainedJacksonJsonHttpMessageConverter,org.springframework.data.rest.webmvc.alps.AlpsJacksonJsonHttpMessageConverter; SearchStrategy: all) did not find any beans (OnBeanCondition)

   JdbcClientAutoConfiguration matched:
      - @ConditionalOnSingleCandidate (types: org.springframework.jdbc.core.namedparam.NamedParameterJdbcTemplate; SearchStrategy: all) found a single bean 'namedParameterJdbcTemplate'; @ConditionalOnMissingBean (types: org.springframework.jdbc.core.simple.JdbcClient; SearchStrategy: all) did not find any beans (OnBeanCondition)

   JdbcTemplateAutoConfiguration matched:
      - @ConditionalOnClass found required classes 'javax.sql.DataSource', 'org.springframework.jdbc.core.JdbcTemplate' (OnClassCondition)
      - @ConditionalOnSingleCandidate (types: javax.sql.DataSource; SearchStrategy: all) found a single bean 'dataSource' (OnBeanCondition)

   JdbcTemplateConfiguration matched:
      - @ConditionalOnMissingBean (types: org.springframework.jdbc.core.JdbcOperations; SearchStrategy: all) did not find any beans (OnBeanCondition)

   JpaBaseConfiguration#entityManagerFactory matched:
      - @ConditionalOnMissingBean (types: org.springframework.orm.jpa.LocalContainerEntityManagerFactoryBean,jakarta.persistence.EntityManagerFactory; SearchStrategy: all) did not find any beans (OnBeanCondition)

   JpaBaseConfiguration#entityManagerFactoryBuilder matched:
      - @ConditionalOnMissingBean (types: org.springframework.boot.jpa.EntityManagerFactoryBuilder; SearchStrategy: all) did not find any beans (OnBeanCondition)

   JpaBaseConfiguration#jpaVendorAdapter matched:
      - @ConditionalOnMissingBean (types: org.springframework.orm.jpa.JpaVendorAdapter; SearchStrategy: all) did not find any beans (OnBeanCondition)

   JpaBaseConfiguration#transactionManager matched:
      - @ConditionalOnMissingBean (types: org.springframework.transaction.TransactionManager; SearchStrategy: all) did not find any beans (OnBeanCondition)

   JpaBaseConfiguration.JpaWebConfiguration matched:
      - @ConditionalOnClass found required class 'org.springframework.web.servlet.config.annotation.WebMvcConfigurer' (OnClassCondition)
      - found 'session' scope (OnWebApplicationCondition)
      - @ConditionalOnBooleanProperty (spring.jpa.open-in-view=true) matched (OnPropertyCondition)
      - @ConditionalOnMissingBean (types: org.springframework.orm.jpa.support.OpenEntityManagerInViewInterceptor,org.springframework.orm.jpa.support.OpenEntityManagerInViewFilter; SearchStrategy: all) did not find any beans (OnBeanCondition)

   JpaBaseConfiguration.PersistenceManagedTypesConfiguration matched:
      - @ConditionalOnMissingBean (types: org.springframework.orm.jpa.LocalContainerEntityManagerFactoryBean,jakarta.persistence.EntityManagerFactory; SearchStrategy: all) did not find any beans (OnBeanCondition)

   JpaBaseConfiguration.PersistenceManagedTypesConfiguration#persistenceManagedTypes matched:
      - @ConditionalOnMissingBean (types: org.springframework.orm.jpa.persistenceunit.PersistenceManagedTypes; SearchStrategy: all) did not find any beans (OnBeanCondition)

   JtaAutoConfiguration matched:
      - @ConditionalOnClass found required class 'jakarta.transaction.Transaction' (OnClassCondition)
      - @ConditionalOnBooleanProperty (spring.jta.enabled=true) matched (OnPropertyCondition)

   LifecycleAutoConfiguration#defaultLifecycleProcessor matched:
      - @ConditionalOnMissingBean (names: lifecycleProcessor; SearchStrategy: current) did not find any beans (OnBeanCondition)

   MailSenderAutoConfiguration matched:
      - @ConditionalOnClass found required classes 'jakarta.mail.internet.MimeMessage', 'jakarta.activation.MimeType', 'org.springframework.mail.MailSender' (OnClassCondition)
      - AnyNestedCondition 1 matched 1 did not; NestedCondition on MailSenderAutoConfiguration.MailSenderCondition.JndiNameProperty @ConditionalOnProperty (spring.mail.jndi-name) did not find property 'spring.mail.jndi-name'; NestedCondition on MailSenderAutoConfiguration.MailSenderCondition.HostProperty @ConditionalOnProperty (spring.mail.host) matched (MailSenderAutoConfiguration.MailSenderCondition)
      - @ConditionalOnMissingBean (types: org.springframework.mail.MailSender; SearchStrategy: all) did not find any beans (OnBeanCondition)

   MailSenderPropertiesConfiguration matched:
      - @ConditionalOnProperty (spring.mail.host) matched (OnPropertyCondition)

   MailSenderPropertiesConfiguration#mailSender matched:
      - @ConditionalOnMissingBean (types: org.springframework.mail.javamail.JavaMailSender; SearchStrategy: all) did not find any beans (OnBeanCondition)

   MultipartAutoConfiguration matched:
      - @ConditionalOnClass found required classes 'jakarta.servlet.Servlet', 'org.springframework.web.multipart.support.StandardServletMultipartResolver', 'jakarta.servlet.MultipartConfigElement' (OnClassCondition)
      - found 'session' scope (OnWebApplicationCondition)
      - @ConditionalOnBooleanProperty (spring.servlet.multipart.enabled=true) matched (OnPropertyCondition)

   MultipartAutoConfiguration#multipartConfigElement matched:
      - @ConditionalOnMissingBean (types: jakarta.servlet.MultipartConfigElement; SearchStrategy: all) did not find any beans (OnBeanCondition)

   MultipartAutoConfiguration#multipartResolver matched:
      - @ConditionalOnMissingBean (types: org.springframework.web.multipart.MultipartResolver; SearchStrategy: all) did not find any beans (OnBeanCondition)

   NamedParameterJdbcTemplateConfiguration matched:
      - @ConditionalOnSingleCandidate (types: org.springframework.jdbc.core.JdbcTemplate; SearchStrategy: all) found a single bean 'jdbcTemplate'; @ConditionalOnMissingBean (types: org.springframework.jdbc.core.namedparam.NamedParameterJdbcOperations; SearchStrategy: all) did not find any beans (OnBeanCondition)

   OAuth2ClientAutoConfiguration matched:
      - @ConditionalOnClass found required class 'org.springframework.security.oauth2.client.registration.ClientRegistration' (OnClassCondition)
      - NoneNestedConditions 0 matched 1 did not; NestedCondition on OAuth2ClientAutoConfiguration.NonReactiveWebApplicationCondition.ReactiveWebApplicationCondition did not find reactive web application classes (OAuth2ClientAutoConfiguration.NonReactiveWebApplicationCondition)

   PersistenceExceptionTranslationAutoConfiguration matched:
      - @ConditionalOnClass found required class 'org.springframework.dao.annotation.PersistenceExceptionTranslationPostProcessor' (OnClassCondition)

   PersistenceExceptionTranslationAutoConfiguration#persistenceExceptionTranslationPostProcessor matched:
      - @ConditionalOnBooleanProperty (spring.persistence.exceptiontranslation.enabled=true) matched (OnPropertyCondition)
      - @ConditionalOnMissingBean (types: org.springframework.dao.annotation.PersistenceExceptionTranslationPostProcessor; SearchStrategy: all) did not find any beans (OnBeanCondition)

   PropertyPlaceholderAutoConfiguration#propertySourcesPlaceholderConfigurer matched:
      - @ConditionalOnMissingBean (types: org.springframework.context.support.PropertySourcesPlaceholderConfigurer; SearchStrategy: current) did not find any beans (OnBeanCondition)

   SecurityAutoConfiguration matched:
      - @ConditionalOnClass found required class 'org.springframework.security.authentication.DefaultAuthenticationEventPublisher' (OnClassCondition)

   SecurityAutoConfiguration#authenticationEventPublisher matched:
      - @ConditionalOnMissingBean (types: org.springframework.security.authentication.AuthenticationEventPublisher; SearchStrategy: all) did not find any beans (OnBeanCondition)

   SecurityFilterAutoConfiguration matched:
      - @ConditionalOnClass found required classes 'org.springframework.security.web.context.AbstractSecurityWebApplicationInitializer', 'org.springframework.security.config.http.SessionCreationPolicy' (OnClassCondition)
      - found 'session' scope (OnWebApplicationCondition)

   SecurityFilterAutoConfiguration#securityFilterChainRegistration matched:
      - @ConditionalOnBean (names: springSecurityFilterChain; SearchStrategy: all) found bean 'springSecurityFilterChain' (OnBeanCondition)

   ServletWebSecurityAutoConfiguration matched:
      - @ConditionalOnClass found required class 'org.springframework.security.config.annotation.web.configuration.EnableWebSecurity' (OnClassCondition)
      - found 'session' scope (OnWebApplicationCondition)

   ServletWebSecurityAutoConfiguration.PathPatternRequestMatcherBuilderConfiguration matched:
      - @ConditionalOnClass found required class 'org.springframework.boot.webmvc.autoconfigure.DispatcherServletPath' (OnClassCondition)
      - @ConditionalOnBean (types: org.springframework.boot.webmvc.autoconfigure.DispatcherServletPath; SearchStrategy: all) found bean 'dispatcherServletRegistration' (OnBeanCondition)

   ServletWebSecurityAutoConfiguration.PathPatternRequestMatcherBuilderConfiguration#pathPatternRequestMatcherBuilder matched:
      - @ConditionalOnMissingBean (types: org.springframework.security.web.servlet.util.matcher.PathPatternRequestMatcher$Builder; SearchStrategy: all) did not find any beans (OnBeanCondition)

   SslAutoConfiguration#sslBundleRegistry matched:
      - @ConditionalOnMissingBean (types: org.springframework.boot.ssl.SslBundleRegistry,org.springframework.boot.ssl.SslBundles; SearchStrategy: all) did not find any beans (OnBeanCondition)

   TaskExecutionAutoConfiguration matched:
      - @ConditionalOnClass found required class 'org.springframework.scheduling.concurrent.ThreadPoolTaskExecutor' (OnClassCondition)

   TaskExecutorConfigurations.AsyncConfigurerConfiguration matched:
      - @ConditionalOnMissingBean (types: org.springframework.scheduling.annotation.AsyncConfigurer; SearchStrategy: all) did not find any beans (OnBeanCondition)

   TaskExecutorConfigurations.SimpleAsyncTaskExecutorBuilderConfiguration#simpleAsyncTaskExecutorBuilder matched:
      - @ConditionalOnMissingBean (types: org.springframework.boot.task.SimpleAsyncTaskExecutorBuilder; SearchStrategy: all) did not find any beans (OnBeanCondition)
      - @ConditionalOnThreading found PLATFORM (OnThreadingCondition)

   TaskExecutorConfigurations.TaskExecutorConfiguration matched:
      - AnyNestedCondition 1 matched 1 did not; NestedCondition on TaskExecutorConfigurations.OnExecutorCondition.ModelCondition @ConditionalOnProperty (spring.task.execution.mode=force) did not find property 'spring.task.execution.mode'; NestedCondition on TaskExecutorConfigurations.OnExecutorCondition.ExecutorBeanCondition @ConditionalOnMissingBean (types: java.util.concurrent.Executor; SearchStrategy: all) did not find any beans (TaskExecutorConfigurations.OnExecutorCondition)

   TaskExecutorConfigurations.TaskExecutorConfiguration#applicationTaskExecutor matched:
      - @ConditionalOnThreading found PLATFORM (OnThreadingCondition)

   TaskExecutorConfigurations.ThreadPoolTaskExecutorBuilderConfiguration#threadPoolTaskExecutorBuilder matched:
      - @ConditionalOnMissingBean (types: org.springframework.boot.task.ThreadPoolTaskExecutorBuilder; SearchStrategy: all) did not find any beans (OnBeanCondition)

   TaskSchedulingAutoConfiguration matched:
      - @ConditionalOnClass found required class 'org.springframework.scheduling.concurrent.ThreadPoolTaskScheduler' (OnClassCondition)

   TaskSchedulingConfigurations.SimpleAsyncTaskSchedulerBuilderConfiguration#simpleAsyncTaskSchedulerBuilder matched:
      - @ConditionalOnMissingBean (types: org.springframework.boot.task.SimpleAsyncTaskSchedulerBuilder; SearchStrategy: all) did not find any beans (OnBeanCondition)
      - @ConditionalOnThreading found PLATFORM (OnThreadingCondition)

   TaskSchedulingConfigurations.ThreadPoolTaskSchedulerBuilderConfiguration#threadPoolTaskSchedulerBuilder matched:
      - @ConditionalOnMissingBean (types: org.springframework.boot.task.ThreadPoolTaskSchedulerBuilder; SearchStrategy: all) did not find any beans (OnBeanCondition)

   TomcatServletWebServerAutoConfiguration matched:
      - @ConditionalOnClass found required classes 'jakarta.servlet.ServletRequest', 'org.apache.catalina.startup.Tomcat', 'org.apache.coyote.UpgradeProtocol', 'org.springframework.boot.tomcat.servlet.TomcatServletWebServerFactory' (OnClassCondition)
      - found 'session' scope (OnWebApplicationCondition)

   TomcatServletWebServerAutoConfiguration#tomcatServletWebServerFactory matched:
      - @ConditionalOnMissingBean (types: org.springframework.boot.web.server.servlet.ServletWebServerFactory; SearchStrategy: current) did not find any beans (OnBeanCondition)

   TomcatWebServerConfiguration matched:
      - @ConditionalOnWarDeployment the application is not deployed as a WAR file. (OnWarDeploymentCondition)

   TomcatWebServerConfiguration.TomcatWebSocketConfiguration matched:
      - @ConditionalOnClass found required class 'org.apache.tomcat.websocket.server.WsSci' (OnClassCondition)

   TransactionAutoConfiguration matched:
      - @ConditionalOnClass found required class 'org.springframework.transaction.PlatformTransactionManager' (OnClassCondition)

   TransactionAutoConfiguration.EnableTransactionManagementConfiguration matched:
      - @ConditionalOnBean (types: org.springframework.transaction.TransactionManager; SearchStrategy: all) found bean 'transactionManager'; @ConditionalOnMissingBean (types: org.springframework.transaction.annotation.AbstractTransactionManagementConfiguration; SearchStrategy: all) did not find any beans (OnBeanCondition)

   TransactionAutoConfiguration.EnableTransactionManagementConfiguration.CglibAutoProxyConfiguration matched:
      - @ConditionalOnBooleanProperty (spring.aop.proxy-target-class=true) matched (OnPropertyCondition)

   TransactionAutoConfiguration.TransactionTemplateConfiguration matched:
      - @ConditionalOnSingleCandidate (types: org.springframework.transaction.PlatformTransactionManager; SearchStrategy: all) found a single bean 'transactionManager' (OnBeanCondition)

   TransactionAutoConfiguration.TransactionTemplateConfiguration#transactionTemplate matched:
      - @ConditionalOnMissingBean (types: org.springframework.transaction.support.TransactionOperations; SearchStrategy: all) did not find any beans (OnBeanCondition)

   TransactionManagerCustomizationAutoConfiguration matched:
      - @ConditionalOnClass found required class 'org.springframework.transaction.PlatformTransactionManager' (OnClassCondition)

   TransactionManagerCustomizationAutoConfiguration#platformTransactionManagerCustomizers matched:
      - @ConditionalOnMissingBean (types: org.springframework.boot.transaction.autoconfigure.TransactionManagerCustomizers; SearchStrategy: all) did not find any beans (OnBeanCondition)

   ValidationAutoConfiguration matched:
      - @ConditionalOnClass found required class 'jakarta.validation.executable.ExecutableValidator' (OnClassCondition)
      - @ConditionalOnResource found location classpath:META-INF/services/jakarta.validation.spi.ValidationProvider (OnResourceCondition)

   ValidationAutoConfiguration#defaultValidator matched:
      - @ConditionalOnMissingBean (types: jakarta.validation.Validator; SearchStrategy: all) did not find any beans (OnBeanCondition)

   ValidationAutoConfiguration#methodValidationPostProcessor matched:
      - @ConditionalOnMissingBean (types: org.springframework.validation.beanvalidation.MethodValidationPostProcessor; SearchStrategy: current) did not find any beans (OnBeanCondition)

   WebMvcAutoConfiguration matched:
      - @ConditionalOnClass found required classes 'jakarta.servlet.Servlet', 'org.springframework.web.servlet.DispatcherServlet', 'org.springframework.web.servlet.config.annotation.WebMvcConfigurer' (OnClassCondition)
      - found 'session' scope (OnWebApplicationCondition)
      - @ConditionalOnMissingBean (types: org.springframework.web.servlet.config.annotation.WebMvcConfigurationSupport; SearchStrategy: all) did not find any beans (OnBeanCondition)

   WebMvcAutoConfiguration#formContentFilter matched:
      - @ConditionalOnBooleanProperty (spring.mvc.formcontent.filter.enabled=true) matched (OnPropertyCondition)
      - @ConditionalOnMissingBean (types: org.springframework.web.filter.FormContentFilter; SearchStrategy: all) did not find any beans (OnBeanCondition)

   WebMvcAutoConfiguration.EnableWebMvcConfiguration#flashMapManager matched:
      - @ConditionalOnMissingBean (names: flashMapManager; SearchStrategy: all) did not find any beans (OnBeanCondition)

   WebMvcAutoConfiguration.EnableWebMvcConfiguration#localeResolver matched:
      - @ConditionalOnMissingBean (names: localeResolver; SearchStrategy: all) did not find any beans (OnBeanCondition)

   WebMvcAutoConfiguration.EnableWebMvcConfiguration#viewNameTranslator matched:
      - @ConditionalOnMissingBean (names: viewNameTranslator; SearchStrategy: all) did not find any beans (OnBeanCondition)

   WebMvcAutoConfiguration.WebMvcAutoConfigurationAdapter#defaultViewResolver matched:
      - @ConditionalOnMissingBean (types: org.springframework.web.servlet.view.InternalResourceViewResolver; SearchStrategy: all) did not find any beans (OnBeanCondition)

   WebMvcAutoConfiguration.WebMvcAutoConfigurationAdapter#requestContextFilter matched:
      - @ConditionalOnMissingBean (types: org.springframework.web.context.request.RequestContextListener,org.springframework.web.filter.RequestContextFilter; SearchStrategy: all) did not find any beans (OnBeanCondition)

   WebMvcAutoConfiguration.WebMvcAutoConfigurationAdapter#viewResolver matched:
      - @ConditionalOnBean (types: org.springframework.web.servlet.ViewResolver; SearchStrategy: all) found beans 'defaultViewResolver', 'beanNameViewResolver', 'mvcViewResolver'; @ConditionalOnMissingBean (names: viewResolver types: org.springframework.web.servlet.view.ContentNegotiatingViewResolver; SearchStrategy: all) did not find any beans (OnBeanCondition)


Negative matches:
-----------------

   AopAutoConfiguration.AspectJAutoProxyingConfiguration.JdkDynamicAutoProxyConfiguration:
      Did not match:
         - @ConditionalOnBooleanProperty (spring.aop.proxy-target-class=false) did not find property 'spring.aop.proxy-target-class' (OnPropertyCondition)

   AopAutoConfiguration.ClassProxyingConfiguration:
      Did not match:
         - @ConditionalOnMissingClass found unwanted class 'org.aspectj.weaver.Advice' (OnClassCondition)

   DataJpaRepositoriesAutoConfiguration#entityManagerFactoryBootstrapExecutorCustomizer:
      Did not match:
         - AnyNestedCondition 0 matched 2 did not; NestedCondition on DataJpaRepositoriesAutoConfiguration.BootstrapExecutorCondition.LazyBootstrapMode @ConditionalOnProperty (spring.data.jpa.repositories.bootstrap-mode=lazy) did not find property 'spring.data.jpa.repositories.bootstrap-mode'; NestedCondition on DataJpaRepositoriesAutoConfiguration.BootstrapExecutorCondition.DeferredBootstrapMode @ConditionalOnProperty (spring.data.jpa.repositories.bootstrap-mode=deferred) did not find property 'spring.data.jpa.repositories.bootstrap-mode' (DataJpaRepositoriesAutoConfiguration.BootstrapExecutorCondition)

   DataRepositoryMetricsAutoConfiguration:
      Did not match:
         - @ConditionalOnBean did not find required type 'io.micrometer.core.instrument.MeterRegistry' (OnBeanCondition)

   DataSourceAutoConfiguration.EmbeddedDatabaseConfiguration:
      Did not match:
         - EmbeddedDataSource spring.datasource.url is set (DataSourceAutoConfiguration.EmbeddedDatabaseCondition)

   DataSourceCheckpointRestoreConfiguration:
      Did not match:
         - @ConditionalOnClass did not find required class 'org.crac.Resource' (OnClassCondition)

   DataSourceConfiguration.Dbcp2:
      Did not match:
         - @ConditionalOnClass did not find required class 'org.apache.commons.dbcp2.BasicDataSource' (OnClassCondition)

   DataSourceConfiguration.Generic:
      Did not match:
         - @ConditionalOnProperty (spring.datasource.type) did not find property 'spring.datasource.type' (OnPropertyCondition)

   DataSourceConfiguration.OracleUcp:
      Did not match:
         - @ConditionalOnClass did not find required classes 'oracle.ucp.jdbc.PoolDataSourceImpl', 'oracle.jdbc.OracleConnection' (OnClassCondition)

   DataSourceConfiguration.Tomcat:
      Did not match:
         - @ConditionalOnClass did not find required class 'org.apache.tomcat.jdbc.pool.DataSource' (OnClassCondition)

   DataSourceHealthContributorAutoConfiguration:
      Did not match:
         - @ConditionalOnClass did not find required class 'org.springframework.boot.health.autoconfigure.contributor.ConditionalOnEnabledHealthIndicator' (OnClassCondition)

   DataSourceJmxConfiguration:
      Did not match:
         - @ConditionalOnBooleanProperty (spring.jmx.enabled=true) did not find property 'spring.jmx.enabled' (OnPropertyCondition)

   DataSourcePoolMetadataProvidersConfiguration.CommonsDbcp2PoolDataSourceMetadataProviderConfiguration:
      Did not match:
         - @ConditionalOnClass did not find required class 'org.apache.commons.dbcp2.BasicDataSource' (OnClassCondition)

   DataSourcePoolMetadataProvidersConfiguration.OracleUcpPoolDataSourceMetadataProviderConfiguration:
      Did not match:
         - @ConditionalOnClass did not find required classes 'oracle.ucp.jdbc.PoolDataSource', 'oracle.jdbc.OracleConnection' (OnClassCondition)

   DataSourcePoolMetadataProvidersConfiguration.TomcatDataSourcePoolMetadataProviderConfiguration:
      Did not match:
         - @ConditionalOnClass did not find required class 'org.apache.tomcat.jdbc.pool.DataSource' (OnClassCondition)

   DataSourcePoolMetricsAutoConfiguration:
      Did not match:
         - @ConditionalOnClass did not find required class 'io.micrometer.core.instrument.MeterRegistry' (OnClassCondition)

   DataSourceTransactionManagerAutoConfiguration.JdbcTransactionManagerConfiguration#transactionManager:
      Did not match:
         - @ConditionalOnMissingBean (types: org.springframework.transaction.TransactionManager; SearchStrategy: all) found beans of type 'org.springframework.transaction.TransactionManager' transactionManager (OnBeanCondition)

   DispatcherServletAutoConfiguration.DispatcherServletConfiguration#multipartResolver:
      Did not match:
         - @ConditionalOnBean (types: org.springframework.web.multipart.MultipartResolver; SearchStrategy: all) did not find any beans of type org.springframework.web.multipart.MultipartResolver (OnBeanCondition)

   GsonHttpMessageConvertersConfiguration:
      Did not match:
         - @ConditionalOnClass did not find required class 'com.google.gson.Gson' (OnClassCondition)

   H2ConsoleAutoConfiguration:
      Did not match:
         - @ConditionalOnBooleanProperty (spring.h2.console.enabled=true) did not find property 'spring.h2.console.enabled' (OnPropertyCondition)
      Matched:
         - @ConditionalOnClass found required class 'org.h2.server.web.JakartaWebServlet' (OnClassCondition)
         - found 'session' scope (OnWebApplicationCondition)

   HibernateMetricsAutoConfiguration:
      Did not match:
         - @ConditionalOnClass did not find required class 'io.micrometer.core.instrument.MeterRegistry' (OnClassCondition)

   Jackson2HttpMessageConvertersConfiguration.MappingJackson2HttpMessageConverterConfiguration:
      Did not match:
         - AnyNestedCondition 0 matched 2 did not; NestedCondition on Jackson2HttpMessageConvertersConfiguration.PreferJackson2OrJacksonUnavailableCondition.JacksonUnavailable @ConditionalOnMissingBean (types: org.springframework.boot.http.converter.autoconfigure.JacksonHttpMessageConvertersConfiguration$JacksonJsonHttpMessageConvertersCustomizer; SearchStrategy: all) found beans of type 'org.springframework.boot.http.converter.autoconfigure.JacksonHttpMessageConvertersConfiguration$JacksonJsonHttpMessageConvertersCustomizer' jacksonJsonHttpMessageConvertersCustomizer; NestedCondition on Jackson2HttpMessageConvertersConfiguration.PreferJackson2OrJacksonUnavailableCondition.Jackson2Preferred @ConditionalOnProperty (spring.http.converters.preferred-json-mapper=jackson2) did not find property 'spring.http.converters.preferred-json-mapper' (Jackson2HttpMessageConvertersConfiguration.PreferJackson2OrJacksonUnavailableCondition)
      Matched:
         - @ConditionalOnClass found required class 'com.fasterxml.jackson.databind.ObjectMapper' (OnClassCondition)

   Jackson2HttpMessageConvertersConfiguration.MappingJackson2XmlHttpMessageConverterConfiguration:
      Did not match:
         - @ConditionalOnClass did not find required class 'com.fasterxml.jackson.dataformat.xml.XmlMapper' (OnClassCondition)

   JacksonAutoConfiguration.CborConfiguration:
      Did not match:
         - @ConditionalOnClass did not find required class 'tools.jackson.dataformat.cbor.CBORMapper' (OnClassCondition)

   JacksonAutoConfiguration.XmlConfiguration:
      Did not match:
         - @ConditionalOnClass did not find required class 'tools.jackson.dataformat.xml.XmlMapper' (OnClassCondition)

   JacksonHttpMessageConvertersConfiguration.JacksonXmlHttpMessageConverterConfiguration:
      Did not match:
         - @ConditionalOnClass did not find required class 'tools.jackson.dataformat.xml.XmlMapper' (OnClassCondition)

   JmxAutoConfiguration:
      Did not match:
         - @ConditionalOnBooleanProperty (spring.jmx.enabled=true) did not find property 'spring.jmx.enabled' (OnPropertyCondition)
      Matched:
         - @ConditionalOnClass found required class 'org.springframework.jmx.export.MBeanExporter' (OnClassCondition)

   JndiDataSourceAutoConfiguration:
      Did not match:
         - @ConditionalOnProperty (spring.datasource.jndi-name) did not find property 'spring.datasource.jndi-name' (OnPropertyCondition)
      Matched:
         - @ConditionalOnClass found required classes 'javax.sql.DataSource', 'org.springframework.jdbc.datasource.embedded.EmbeddedDatabaseType' (OnClassCondition)

   JndiJtaConfiguration:
      Did not match:
         - @ConditionalOnJndi JNDI environment is not available (OnJndiCondition)
      Matched:
         - @ConditionalOnClass found required class 'org.springframework.transaction.jta.JtaTransactionManager' (OnClassCondition)

   JsonbHttpMessageConvertersConfiguration:
      Did not match:
         - @ConditionalOnClass did not find required class 'jakarta.json.bind.Jsonb' (OnClassCondition)

   KotlinSerializationHttpMessageConvertersConfiguration:
      Did not match:
         - @ConditionalOnClass did not find required classes 'kotlinx.serialization.Serializable', 'kotlinx.serialization.json.Json' (OnClassCondition)

   MailHealthContributorAutoConfiguration:
      Did not match:
         - @ConditionalOnClass did not find required class 'org.springframework.boot.health.autoconfigure.contributor.ConditionalOnEnabledHealthIndicator' (OnClassCondition)

   MailSenderJndiConfiguration:
      Did not match:
         - @ConditionalOnProperty (spring.mail.jndi-name) did not find property 'spring.mail.jndi-name' (OnPropertyCondition)
      Matched:
         - @ConditionalOnClass found required class 'jakarta.mail.Session' (OnClassCondition)

   MailSenderValidatorAutoConfiguration:
      Did not match:
         - @ConditionalOnBooleanProperty (spring.mail.test-connection=true) did not find property 'spring.mail.test-connection' (OnPropertyCondition)

   ManagementWebSecurityAutoConfiguration:
      Did not match:
         - @ConditionalOnClass did not find required class 'org.springframework.boot.actuate.autoconfigure.endpoint.web.WebEndpointAutoConfiguration' (OnClassCondition)

   MessageSourceAutoConfiguration:
      Did not match:
         - ResourceBundle did not find bundle with basename messages (MessageSourceAutoConfiguration.ResourceBundleCondition)

   OAuth2ClientConfigurations.ClientRegistrationRepositoryConfiguration:
      Did not match:
         - OAuth2 Clients Configured Condition registered clients is not available (ClientsConfiguredCondition)

   OAuth2ClientConfigurations.OAuth2AuthorizedClientServiceConfiguration:
      Did not match:
         - @ConditionalOnBean (types: org.springframework.security.oauth2.client.registration.ClientRegistrationRepository; SearchStrategy: all) did not find any beans of type org.springframework.security.oauth2.client.registration.ClientRegistrationRepository (OnBeanCondition)

   OAuth2ClientWebSecurityAutoConfiguration:
      Did not match:
         - @ConditionalOnBean (types: org.springframework.security.oauth2.client.OAuth2AuthorizedClientService; SearchStrategy: all) did not find any beans of type org.springframework.security.oauth2.client.OAuth2AuthorizedClientService (OnBeanCondition)
      Matched:
         - @ConditionalOnClass found required classes 'org.springframework.security.config.annotation.web.configuration.EnableWebSecurity', 'org.springframework.security.oauth2.client.web.OAuth2AuthorizedClientRepository' (OnClassCondition)
         - found 'session' scope (OnWebApplicationCondition)

   ProjectInfoAutoConfiguration#buildProperties:
      Did not match:
         - @ConditionalOnResource did not find resource '${spring.info.build.location:classpath:META-INF/build-info.properties}' (OnResourceCondition)

   ProjectInfoAutoConfiguration#gitProperties:
      Did not match:
         - GitResource did not find git info at classpath:git.properties (ProjectInfoAutoConfiguration.GitResourceAvailableCondition)

   RSocketSecurityAutoConfiguration:
      Did not match:
         - @ConditionalOnClass did not find required class 'org.springframework.boot.rsocket.server.RSocketServerCustomizer' (OnClassCondition)

   ReactiveManagementWebSecurityAutoConfiguration:
      Did not match:
         - @ConditionalOnClass did not find required class 'org.springframework.boot.actuate.autoconfigure.endpoint.web.WebEndpointAutoConfiguration' (OnClassCondition)

   ReactiveOAuth2ClientAutoConfiguration:
      Did not match:
         - @ConditionalOnClass did not find required class 'reactor.core.publisher.Flux' (OnClassCondition)

   ReactiveOAuth2ClientWebSecurityAutoConfiguration:
      Did not match:
         - @ConditionalOnClass did not find required class 'reactor.core.publisher.Flux' (OnClassCondition)

   ReactiveUserDetailsServiceAutoConfiguration:
      Did not match:
         - AnyNestedCondition 0 matched 3 did not; NestedCondition on MissingAlternativeUserDetailsManagerOrUserPropertiesConfigured.PasswordConfigured @ConditionalOnProperty (spring.security.user.password) did not find property 'spring.security.user.password'; NestedCondition on MissingAlternativeUserDetailsManagerOrUserPropertiesConfigured.NameConfigured @ConditionalOnProperty (spring.security.user.name) did not find property 'spring.security.user.name'; NestedCondition on MissingAlternativeUserDetailsManagerOrUserPropertiesConfigured.MissingAlternative @ConditionalOnMissingClass found unwanted class 'org.springframework.security.oauth2.client.registration.ClientRegistrationRepository' (MissingAlternativeUserDetailsManagerOrUserPropertiesConfigured)
      Matched:
         - @ConditionalOnClass found required class 'org.springframework.security.authentication.ReactiveAuthenticationManager' (OnClassCondition)

   ReactiveWebSecurityAutoConfiguration:
      Did not match:
         - @ConditionalOnClass did not find required class 'reactor.core.publisher.Flux' (OnClassCondition)

   SecurityAutoConfiguration.SecurityDataConfiguration:
      Did not match:
         - @ConditionalOnClass did not find required class 'org.springframework.security.data.repository.query.SecurityEvaluationContextExtension' (OnClassCondition)

   ServletHttpExchangesAutoConfiguration:
      Did not match:
         - @ConditionalOnBean did not find required type 'org.springframework.boot.actuate.web.exchanges.HttpExchangeRepository' (OnBeanCondition)

   ServletManagementContextAutoConfiguration:
      Did not match:
         - @ConditionalOnClass did not find required class 'org.springframework.boot.actuate.autoconfigure.endpoint.web.WebEndpointProperties' (OnClassCondition)

   ServletMappingsAutoConfiguration:
      Did not match:
         - @ConditionalOnClass did not find required class 'org.springframework.boot.actuate.autoconfigure.endpoint.condition.ConditionalOnAvailableEndpoint' (OnClassCondition)

   ServletWebSecurityAutoConfiguration.EnableWebSecurityConfiguration:
      Did not match:
         - @ConditionalOnMissingBean (names: springSecurityFilterChain; SearchStrategy: all) found beans named springSecurityFilterChain (OnBeanCondition)
      Matched:
         - @ConditionalOnClass found required class 'org.springframework.security.config.annotation.web.configuration.EnableWebSecurity' (OnClassCondition)

   ServletWebSecurityAutoConfiguration.SecurityFilterChainConfiguration:
      Did not match:
         - AllNestedConditions 1 matched 1 did not; NestedCondition on DefaultWebSecurityCondition.Beans @ConditionalOnMissingBean (types: org.springframework.security.web.SecurityFilterChain; SearchStrategy: all) found beans of type 'org.springframework.security.web.SecurityFilterChain' securityFilterChain; NestedCondition on DefaultWebSecurityCondition.Classes @ConditionalOnClass found required classes 'org.springframework.security.web.SecurityFilterChain', 'org.springframework.security.config.annotation.web.builders.HttpSecurity' (DefaultWebSecurityCondition)

   ServletWebServerConfiguration#forwardedHeaderFilter:
      Did not match:
         - @ConditionalOnProperty (server.forward-headers-strategy=framework) did not find property 'server.forward-headers-strategy' (OnPropertyCondition)

   SpringApplicationAdminJmxAutoConfiguration:
      Did not match:
         - @ConditionalOnBooleanProperty (spring.application.admin.enabled=true) did not find property 'spring.application.admin.enabled' (OnPropertyCondition)

   TaskExecutorConfigurations.AsyncConfigurerWrapperConfiguration:
      Did not match:
         - @ConditionalOnBean (types: org.springframework.scheduling.annotation.AsyncConfigurer; SearchStrategy: all) did not find any beans of type org.springframework.scheduling.annotation.AsyncConfigurer (OnBeanCondition)

   TaskExecutorConfigurations.SimpleAsyncTaskExecutorBuilderConfiguration#simpleAsyncTaskExecutorBuilderVirtualThreads:
      Did not match:
         - @ConditionalOnMissingBean (types: org.springframework.boot.task.SimpleAsyncTaskExecutorBuilder; SearchStrategy: all) found beans of type 'org.springframework.boot.task.SimpleAsyncTaskExecutorBuilder' simpleAsyncTaskExecutorBuilder (OnBeanCondition)

   TaskExecutorConfigurations.TaskExecutorConfiguration#applicationTaskExecutorVirtualThreads:
      Did not match:
         - @ConditionalOnThreading did not find VIRTUAL (OnThreadingCondition)

   TaskSchedulingAutoConfiguration#scheduledBeanLazyInitializationExcludeFilter:
      Did not match:
         - @ConditionalOnBean (names: org.springframework.scheduling.config.internalScheduledAnnotationProcessor; SearchStrategy: all) did not find any beans named org.springframework.scheduling.config.internalScheduledAnnotationProcessor (OnBeanCondition)

   TaskSchedulingConfigurations.SimpleAsyncTaskSchedulerBuilderConfiguration#simpleAsyncTaskSchedulerBuilderVirtualThreads:
      Did not match:
         - @ConditionalOnMissingBean (types: org.springframework.boot.task.SimpleAsyncTaskSchedulerBuilder; SearchStrategy: all) found beans of type 'org.springframework.boot.task.SimpleAsyncTaskSchedulerBuilder' simpleAsyncTaskSchedulerBuilder (OnBeanCondition)

   TaskSchedulingConfigurations.TaskSchedulerConfiguration:
      Did not match:
         - @ConditionalOnBean (names: org.springframework.scheduling.config.internalScheduledAnnotationProcessor; SearchStrategy: all) did not find any beans named org.springframework.scheduling.config.internalScheduledAnnotationProcessor (OnBeanCondition)

   TomcatMetricsAutoConfiguration:
      Did not match:
         - @ConditionalOnClass did not find required class 'io.micrometer.core.instrument.binder.tomcat.TomcatMetrics' (OnClassCondition)

   TomcatReactiveManagementContextAutoConfiguration:
      Did not match:
         - @ConditionalOnClass did not find required class 'org.springframework.boot.actuate.autoconfigure.web.server.ManagementContextFactory' (OnClassCondition)

   TomcatReactiveWebServerAutoConfiguration:
      Did not match:
         - @ConditionalOnWebApplication did not find reactive web application classes (OnWebApplicationCondition)

   TomcatServletManagementContextAutoConfiguration:
      Did not match:
         - @ConditionalOnClass did not find required class 'org.springframework.boot.actuate.autoconfigure.web.server.ManagementContextFactory' (OnClassCondition)

   TomcatServletWebServerAutoConfiguration#tomcatForwardedHeaderFilterCustomizer:
      Did not match:
         - @ConditionalOnProperty (server.forward-headers-strategy=framework) did not find property 'server.forward-headers-strategy' (OnPropertyCondition)

   TomcatWebServerConfiguration#tomcatVirtualThreadsProtocolHandlerCustomizer:
      Did not match:
         - @ConditionalOnThreading did not find VIRTUAL (OnThreadingCondition)

   TransactionAutoConfiguration#transactionalOperator:
      Did not match:
         - @ConditionalOnSingleCandidate (types: org.springframework.transaction.ReactiveTransactionManager; SearchStrategy: all) did not find any beans (OnBeanCondition)

   TransactionAutoConfiguration.AspectJTransactionManagementConfiguration:
      Did not match:
         - @ConditionalOnBean (types: org.springframework.transaction.aspectj.AbstractTransactionAspect; SearchStrategy: all) did not find any beans of type org.springframework.transaction.aspectj.AbstractTransactionAspect (OnBeanCondition)

   TransactionAutoConfiguration.EnableTransactionManagementConfiguration.JdkDynamicAutoProxyConfiguration:
      Did not match:
         - @ConditionalOnBooleanProperty (spring.aop.proxy-target-class=false) did not find property 'spring.aop.proxy-target-class' (OnPropertyCondition)

   UserDetailsServiceAutoConfiguration:
      Did not match:
         - AnyNestedCondition 0 matched 3 did not; NestedCondition on MissingAlternativeUserDetailsManagerOrUserPropertiesConfigured.PasswordConfigured @ConditionalOnProperty (spring.security.user.password) did not find property 'spring.security.user.password'; NestedCondition on MissingAlternativeUserDetailsManagerOrUserPropertiesConfigured.NameConfigured @ConditionalOnProperty (spring.security.user.name) did not find property 'spring.security.user.name'; NestedCondition on MissingAlternativeUserDetailsManagerOrUserPropertiesConfigured.MissingAlternative @ConditionalOnMissingClass found unwanted class 'org.springframework.security.oauth2.client.registration.ClientRegistrationRepository' (MissingAlternativeUserDetailsManagerOrUserPropertiesConfigured)
      Matched:
         - @ConditionalOnClass found required class 'org.springframework.security.authentication.AuthenticationManager' (OnClassCondition)
         - found 'session' scope (OnWebApplicationCondition)

   WebMvcAutoConfiguration#hiddenHttpMethodFilter:
      Did not match:
         - @ConditionalOnBooleanProperty (spring.mvc.hiddenmethod.filter.enabled=true) did not find property 'spring.mvc.hiddenmethod.filter.enabled' (OnPropertyCondition)

   WebMvcAutoConfiguration.ProblemDetailsErrorHandlingConfiguration:
      Did not match:
         - @ConditionalOnBooleanProperty (spring.mvc.problemdetails.enabled=true) did not find property 'spring.mvc.problemdetails.enabled' (OnPropertyCondition)

   WebMvcAutoConfiguration.ResourceChainCustomizerConfiguration:
      Did not match:
         - @ConditionalOnEnabledResourceChain did not find class org.webjars.WebJarVersionLocator (OnEnabledResourceChainCondition)

   WebMvcAutoConfiguration.WebMvcAutoConfigurationAdapter#beanNameViewResolver:
      Did not match:
         - @ConditionalOnMissingBean (types: org.springframework.web.servlet.view.BeanNameViewResolver; SearchStrategy: all) found beans of type 'org.springframework.web.servlet.view.BeanNameViewResolver' beanNameViewResolver (OnBeanCondition)

   WebMvcHealthEndpointExtensionAutoConfiguration:
      Did not match:
         - @ConditionalOnClass did not find required class 'org.springframework.boot.health.actuate.endpoint.HealthEndpoint' (OnClassCondition)

   WebMvcMappingsAutoConfiguration:
      Did not match:
         - @ConditionalOnClass did not find required class 'org.springframework.boot.actuate.autoconfigure.endpoint.condition.ConditionalOnAvailableEndpoint' (OnClassCondition)

   WebMvcObservationAutoConfiguration:
      Did not match:
         - @ConditionalOnClass did not find required class 'org.springframework.boot.micrometer.observation.autoconfigure.ObservationProperties' (OnClassCondition)

   XADataSourceAutoConfiguration:
      Did not match:
         - @ConditionalOnBean (types: org.springframework.boot.jdbc.XADataSourceWrapper; SearchStrategy: all) did not find any beans of type org.springframework.boot.jdbc.XADataSourceWrapper (OnBeanCondition)
      Matched:
         - @ConditionalOnClass found required classes 'javax.sql.DataSource', 'jakarta.transaction.TransactionManager', 'org.springframework.jdbc.datasource.embedded.EmbeddedDatabaseType' (OnClassCondition)


Exclusions:
-----------

    None


Unconditional classes:
----------------------

    org.springframework.boot.autoconfigure.context.ConfigurationPropertiesAutoConfiguration

    org.springframework.boot.autoconfigure.ssl.SslAutoConfiguration

    org.springframework.boot.autoconfigure.context.LifecycleAutoConfiguration

    org.springframework.boot.autoconfigure.context.PropertyPlaceholderAutoConfiguration

    org.springframework.boot.autoconfigure.availability.ApplicationAvailabilityAutoConfiguration

    org.springframework.boot.autoconfigure.info.ProjectInfoAutoConfiguration



2026-05-13T14:45:49.795+02:00  INFO 16660 --- [peluqueriaFAR] [           main] o.p.p.PeluqueriaFarApplication           : Started PeluqueriaFarApplication in 10.321 seconds (process running for 11.175)
2026-05-13T14:45:49.801+02:00 DEBUG 16660 --- [peluqueriaFAR] [           main] o.s.b.a.ApplicationAvailabilityBean      : Application availability state LivenessState changed to CORRECT
2026-05-13T14:45:49.801+02:00 DEBUG 16660 --- [peluqueriaFAR] [           main] o.s.jdbc.core.JdbcTemplate               : Executing SQL query [select count(*)
from information_schema.columns
where table_schema = database()
  and table_name = 'barber_working_days'
  and column_name = 'config_id'
]
2026-05-13T14:45:49.822+02:00  INFO 16660 --- [peluqueriaFAR] [           main] o.p.p.config.MailConfigValidator         : Mail config loaded: profiles=default, host=smtp.gmail.com, port=587, username=vazquezpalominopedro@gmail.com
2026-05-13T14:45:49.824+02:00 DEBUG 16660 --- [peluqueriaFAR] [           main] o.s.b.a.ApplicationAvailabilityBean      : Application availability state ReadinessState changed to ACCEPTING_TRAFFIC
2026-05-13T14:46:15.481+02:00  INFO 16660 --- [peluqueriaFAR] [nio-8081-exec-1] o.a.c.c.C.[Tomcat].[localhost].[/]       : Initializing Spring DispatcherServlet 'dispatcherServlet'
2026-05-13T14:46:15.482+02:00  INFO 16660 --- [peluqueriaFAR] [nio-8081-exec-1] o.s.web.servlet.DispatcherServlet        : Initializing Servlet 'dispatcherServlet'
2026-05-13T14:46:15.483+02:00 DEBUG 16660 --- [peluqueriaFAR] [nio-8081-exec-1] o.s.web.servlet.DispatcherServlet        : Detected StandardServletMultipartResolver
2026-05-13T14:46:15.483+02:00 DEBUG 16660 --- [peluqueriaFAR] [nio-8081-exec-1] o.s.web.servlet.DispatcherServlet        : Detected AcceptHeaderLocaleResolver
2026-05-13T14:46:15.485+02:00 DEBUG 16660 --- [peluqueriaFAR] [nio-8081-exec-1] o.s.web.servlet.DispatcherServlet        : Detected org.springframework.web.servlet.view.DefaultRequestToViewNameTranslator@2e581514
2026-05-13T14:46:15.485+02:00 DEBUG 16660 --- [peluqueriaFAR] [nio-8081-exec-1] o.s.web.servlet.DispatcherServlet        : Detected org.springframework.web.servlet.support.SessionFlashMapManager@6412d815
2026-05-13T14:46:15.486+02:00 DEBUG 16660 --- [peluqueriaFAR] [nio-8081-exec-1] o.s.web.servlet.DispatcherServlet        : enableLoggingRequestDetails='false': request parameters and headers will be masked to prevent unsafe logging of potentially sensitive data
2026-05-13T14:46:15.486+02:00  INFO 16660 --- [peluqueriaFAR] [nio-8081-exec-1] o.s.web.servlet.DispatcherServlet        : Completed initialization in 3 ms
2026-05-13T14:46:15.510+02:00 DEBUG 16660 --- [peluqueriaFAR] [nio-8081-exec-1] o.s.web.servlet.DispatcherServlet        : GET "/auth/google/login", parameters={}
2026-05-13T14:46:15.520+02:00 DEBUG 16660 --- [peluqueriaFAR] [nio-8081-exec-1] s.w.s.m.m.a.RequestMappingHandlerMapping : Mapped to org.peluqueriaFAR.peluqueriaFAR.controller.AuthController#googleLoginRedirect()
2026-05-13T14:46:15.546+02:00 DEBUG 16660 --- [peluqueriaFAR] [nio-8081-exec-1] o.s.w.s.m.m.a.HttpEntityMethodProcessor  : Using 'application/json;q=0.8', given [text/html, application/xhtml+xml, image/avif, image/webp, image/apng, application/xml;q=0.9, */*;q=0.8, application/signed-exchange;v=b3;q=0.7] and supported [application/json, application/*+json]
2026-05-13T14:46:15.559+02:00 DEBUG 16660 --- [peluqueriaFAR] [nio-8081-exec-1] o.s.w.s.m.m.a.HttpEntityMethodProcessor  : Nothing to write: null body
2026-05-13T14:46:15.561+02:00 DEBUG 16660 --- [peluqueriaFAR] [nio-8081-exec-1] o.s.web.servlet.DispatcherServlet        : Completed 302 FOUND
2026-05-13T14:46:19.105+02:00 DEBUG 16660 --- [peluqueriaFAR] [nio-8081-exec-2] o.s.web.servlet.DispatcherServlet        : GET "/auth/google/callback?iss=https%3A%2F%2Faccounts.google.com&code=4%2F0AeoWuM_fbVR4HKEHo2uxrZbbh9rEKqvu5QExIdK8Tatl46UnsRgxoXoJb35UORXm4nv3dw&scope=email+profile+https%3A%2F%2Fwww.googleapis.com%2Fauth%2Fuserinfo.email+openid+https%3A%2F%2Fwww.googleapis.com%2Fauth%2Fuserinfo.profile&authuser=0&prompt=none", parameters={masked}
2026-05-13T14:46:19.106+02:00 DEBUG 16660 --- [peluqueriaFAR] [nio-8081-exec-2] s.w.s.m.m.a.RequestMappingHandlerMapping : Mapped to org.peluqueriaFAR.peluqueriaFAR.controller.AuthController#googleCallback(String)
2026-05-13T14:46:19.306+02:00 DEBUG 16660 --- [peluqueriaFAR] [nio-8081-exec-2] o.s.web.client.RestTemplate              : HTTP POST https://oauth2.googleapis.com/token
2026-05-13T14:46:19.314+02:00 DEBUG 16660 --- [peluqueriaFAR] [nio-8081-exec-2] o.s.web.client.RestTemplate              : Accept=[application/json, application/*+json]
2026-05-13T14:46:19.315+02:00 DEBUG 16660 --- [peluqueriaFAR] [nio-8081-exec-2] o.s.web.client.RestTemplate              : Writing [{code=[4/0AeoWuM_fbVR4HKEHo2uxrZbbh9rEKqvu5QExIdK8Tatl46UnsRgxoXoJb35UORXm4nv3dw], client_id=[251641039207-pn6domeb2218q3rkbj95lk0gfrcq2e9q.apps.googleusercontent.com], client_secret=[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], redirect_uri=[http://localhost:8081/auth/google/callback], grant_type=[authorization_code]}] as "application/x-www-form-urlencoded"
2026-05-13T14:46:19.835+02:00 DEBUG 16660 --- [peluqueriaFAR] [nio-8081-exec-2] o.s.web.client.RestTemplate              : Response 200 OK
2026-05-13T14:46:19.837+02:00 DEBUG 16660 --- [peluqueriaFAR] [nio-8081-exec-2] o.s.web.client.RestTemplate              : Reading to [org.peluqueriaFAR.peluqueriaFAR.service.AuthService$GoogleTokenResponse]
2026-05-13T14:46:19.925+02:00 DEBUG 16660 --- [peluqueriaFAR] [nio-8081-exec-2] o.s.web.client.RestTemplate              : HTTP GET https://oauth2.googleapis.com/tokeninfo?id_token=eyJhbGciOiJSUzI1NiIsImtpZCI6ImY4ZTY2MjBkMzk3MTFhYTIxY2U4YTJiZjJmM2VlMDFiOTI0Y2IyZDAiLCJ0eXAiOiJKV1QifQ.eyJpc3MiOiJodHRwczovL2FjY291bnRzLmdvb2dsZS5jb20iLCJhenAiOiIyNTE2NDEwMzkyMDctcG42ZG9tZWIyMjE4cTNya2JqOTVsazBnZnJjcTJlOXEuYXBwcy5nb29nbGV1c2VyY29udGVudC5jb20iLCJhdWQiOiIyNTE2NDEwMzkyMDctcG42ZG9tZWIyMjE4cTNya2JqOTVsazBnZnJjcTJlOXEuYXBwcy5nb29nbGV1c2VyY29udGVudC5jb20iLCJzdWIiOiIxMDE4OTMzMDQ5ODc4NjM0NDEyOTMiLCJlbWFpbCI6InZhenF1ZXpwYWxvbWlub3BlZHJvQGdtYWlsLmNvbSIsImVtYWlsX3ZlcmlmaWVkIjp0cnVlLCJhdF9oYXNoIjoiX0c2dTFKUWE1Q1ZTSllSSnJLZ1VWQSIsIm5hbWUiOiJQZWRybyBWw6F6cXVleiBQYWxvbWlubyIsInBpY3R1cmUiOiJodHRwczovL2xoMy5nb29nbGV1c2VyY29udGVudC5jb20vYS9BQ2c4b2NKWHVnb1hSQzJfNFJBOWZMdEswOUVUeEtoS3dfMndxbGp4NE82T2VhWGNOckg4MEE9czk2LWMiLCJnaXZlbl9uYW1lIjoiUGVkcm8iLCJmYW1pbHlfbmFtZSI6IlbDoXpxdWV6IFBhbG9taW5vIiwiaWF0IjoxNzc4Njc2Mzc5LCJleHAiOjE3Nzg2Nzk5Nzl9.fRjr_Lgj1aLMOBVGdbcW8u_cMhrZlTT8q0qWHkz33mweHMPq5JhS7CMj82GWqkiTEgopqGvIM0lPC1l-aF5qluU7sHAEd4BgxcpS4LZPjd2vOmu83E2d6RMpUFy794mqy29FLhIC0Ynk96XXxVxh8kaTBrMuDuiJp80oTVl4La3XWA2cMFeEdp6IVYB94LW4qXcpXIf1uWfy4AXohAhC8ziSrokycsfo_x7xBYU-Lz7lP4_XWw45gQcjK-q0BjhJAYukC6R-2zxwottK7VvZ0OLul6wbKBrQ_vVxs22y21QbDO0MwZYhiDTlwnSEsw_o4kF9oC2n8QpR-X3APNvQSQ
2026-05-13T14:46:19.925+02:00 DEBUG 16660 --- [peluqueriaFAR] [nio-8081-exec-2] o.s.web.client.RestTemplate              : Accept=[application/json, application/*+json]
2026-05-13T14:46:19.994+02:00 DEBUG 16660 --- [peluqueriaFAR] [nio-8081-exec-2] o.s.web.client.RestTemplate              : Response 200 OK
2026-05-13T14:46:19.998+02:00 DEBUG 16660 --- [peluqueriaFAR] [nio-8081-exec-2] o.s.web.client.RestTemplate              : Reading to [org.peluqueriaFAR.peluqueriaFAR.security.GoogleTokenVerifier$GoogleTokenInfo]
2026-05-13T14:46:20.110+02:00 DEBUG 16660 --- [peluqueriaFAR] [nio-8081-exec-2] org.hibernate.SQL                        : select u1_0.id,u1_0.active,u1_0.auth_provider,u1_0.created_at,u1_0.email,u1_0.enabled,u1_0.mobile_phone,u1_0.name,u1_0.password_hash,u1_0.role,u1_0.surname from users u1_0 where u1_0.email=?
Hibernate: select u1_0.id,u1_0.active,u1_0.auth_provider,u1_0.created_at,u1_0.email,u1_0.enabled,u1_0.mobile_phone,u1_0.name,u1_0.password_hash,u1_0.role,u1_0.surname from users u1_0 where u1_0.email=?
2026-05-13T14:46:20.277+02:00 DEBUG 16660 --- [peluqueriaFAR] [nio-8081-exec-2] o.s.w.s.m.m.a.HttpEntityMethodProcessor  : Using 'application/json;q=0.8', given [text/html, application/xhtml+xml, image/avif, image/webp, image/apng, application/xml;q=0.9, */*;q=0.8, application/signed-exchange;v=b3;q=0.7] and supported [application/json, application/*+json]
2026-05-13T14:46:20.277+02:00 DEBUG 16660 --- [peluqueriaFAR] [nio-8081-exec-2] o.s.w.s.m.m.a.HttpEntityMethodProcessor  : Nothing to write: null body
2026-05-13T14:46:20.288+02:00 DEBUG 16660 --- [peluqueriaFAR] [nio-8081-exec-2] o.s.web.servlet.DispatcherServlet        : Completed 302 FOUND
2026-05-13T14:46:21.696+02:00 DEBUG 16660 --- [peluqueriaFAR] [nio-8081-exec-5] org.hibernate.SQL                        : select u1_0.id,u1_0.active,u1_0.auth_provider,u1_0.created_at,u1_0.email,u1_0.enabled,u1_0.mobile_phone,u1_0.name,u1_0.password_hash,u1_0.role,u1_0.surname from users u1_0 where u1_0.email=?
Hibernate: select u1_0.id,u1_0.active,u1_0.auth_provider,u1_0.created_at,u1_0.email,u1_0.enabled,u1_0.mobile_phone,u1_0.name,u1_0.password_hash,u1_0.role,u1_0.surname from users u1_0 where u1_0.email=?
2026-05-13T14:46:21.696+02:00 DEBUG 16660 --- [peluqueriaFAR] [nio-8081-exec-6] org.hibernate.SQL                        : select u1_0.id,u1_0.active,u1_0.auth_provider,u1_0.created_at,u1_0.email,u1_0.enabled,u1_0.mobile_phone,u1_0.name,u1_0.password_hash,u1_0.role,u1_0.surname from users u1_0 where u1_0.email=?
Hibernate: select u1_0.id,u1_0.active,u1_0.auth_provider,u1_0.created_at,u1_0.email,u1_0.enabled,u1_0.mobile_phone,u1_0.name,u1_0.password_hash,u1_0.role,u1_0.surname from users u1_0 where u1_0.email=?
2026-05-13T14:46:21.720+02:00 DEBUG 16660 --- [peluqueriaFAR] [nio-8081-exec-5] o.s.web.servlet.DispatcherServlet        : GET "/barber/working-days/reservation", parameters={}
2026-05-13T14:46:21.721+02:00 DEBUG 16660 --- [peluqueriaFAR] [nio-8081-exec-6] o.s.web.servlet.DispatcherServlet        : GET "/appointments/occupied?date=2026-05-13", parameters={masked}
2026-05-13T14:46:21.722+02:00 DEBUG 16660 --- [peluqueriaFAR] [nio-8081-exec-5] s.w.s.m.m.a.RequestMappingHandlerMapping : Mapped to org.peluqueriaFAR.peluqueriaFAR.controller.WorkingDaysController#getReservationSchedule()
2026-05-13T14:46:21.722+02:00 DEBUG 16660 --- [peluqueriaFAR] [nio-8081-exec-6] s.w.s.m.m.a.RequestMappingHandlerMapping : Mapped to org.peluqueriaFAR.peluqueriaFAR.controller.AppointmentController#getOccupiedSlots(LocalDate)
2026-05-13T14:46:21.736+02:00 DEBUG 16660 --- [peluqueriaFAR] [nio-8081-exec-6] org.hibernate.SQL                        : select a1_0.id,a1_0.appointment_date,a1_0.end_time,a1_0.guest_name,a1_0.guest_phone,a1_0.start_time,a1_0.user_id from appointments a1_0 where a1_0.appointment_date=?
Hibernate: select a1_0.id,a1_0.appointment_date,a1_0.end_time,a1_0.guest_name,a1_0.guest_phone,a1_0.start_time,a1_0.user_id from appointments a1_0 where a1_0.appointment_date=?
2026-05-13T14:46:21.746+02:00 DEBUG 16660 --- [peluqueriaFAR] [nio-8081-exec-5] org.hibernate.SQL                        : select u1_0.id,u1_0.active,u1_0.auth_provider,u1_0.created_at,u1_0.email,u1_0.enabled,u1_0.mobile_phone,u1_0.name,u1_0.password_hash,u1_0.role,u1_0.surname from users u1_0 where u1_0.role=? and u1_0.active=true order by u1_0.id limit ?
Hibernate: select u1_0.id,u1_0.active,u1_0.auth_provider,u1_0.created_at,u1_0.email,u1_0.enabled,u1_0.mobile_phone,u1_0.name,u1_0.password_hash,u1_0.role,u1_0.surname from users u1_0 where u1_0.role=? and u1_0.active=true order by u1_0.id limit ?
2026-05-13T14:46:21.764+02:00 DEBUG 16660 --- [peluqueriaFAR] [nio-8081-exec-6] o.s.w.s.m.m.a.HttpEntityMethodProcessor  : Using 'application/json', given [application/json, text/plain, */*] and supported [application/json, application/*+json]
2026-05-13T14:46:21.766+02:00 DEBUG 16660 --- [peluqueriaFAR] [nio-8081-exec-6] o.s.w.s.m.m.a.HttpEntityMethodProcessor  : Writing [[]]
2026-05-13T14:46:21.767+02:00 DEBUG 16660 --- [peluqueriaFAR] [nio-8081-exec-5] org.hibernate.SQL                        : select bsc1_0.id,bsc1_0.afternoon_end,bsc1_0.afternoon_start,bsc1_0.barber_id,bsc1_0.morning_end,bsc1_0.morning_start from barber_schedule_config bsc1_0 where bsc1_0.barber_id=?
Hibernate: select bsc1_0.id,bsc1_0.afternoon_end,bsc1_0.afternoon_start,bsc1_0.barber_id,bsc1_0.morning_end,bsc1_0.morning_start from barber_schedule_config bsc1_0 where bsc1_0.barber_id=?
2026-05-13T14:46:21.793+02:00 DEBUG 16660 --- [peluqueriaFAR] [nio-8081-exec-5] org.hibernate.SQL                        : select u1_0.id,u1_0.active,u1_0.auth_provider,u1_0.created_at,u1_0.email,u1_0.enabled,u1_0.mobile_phone,u1_0.name,u1_0.password_hash,u1_0.role,u1_0.surname from users u1_0 where u1_0.role=? and u1_0.active=true order by u1_0.id limit ?
Hibernate: select u1_0.id,u1_0.active,u1_0.auth_provider,u1_0.created_at,u1_0.email,u1_0.enabled,u1_0.mobile_phone,u1_0.name,u1_0.password_hash,u1_0.role,u1_0.surname from users u1_0 where u1_0.role=? and u1_0.active=true order by u1_0.id limit ?
2026-05-13T14:46:21.800+02:00 DEBUG 16660 --- [peluqueriaFAR] [nio-8081-exec-5] org.hibernate.SQL                        : select bwd1_0.id,bwd1_0.barber_id,bwd1_0.day_of_week from barber_working_days bwd1_0 where bwd1_0.barber_id=?
Hibernate: select bwd1_0.id,bwd1_0.barber_id,bwd1_0.day_of_week from barber_working_days bwd1_0 where bwd1_0.barber_id=?
2026-05-13T14:46:21.805+02:00 DEBUG 16660 --- [peluqueriaFAR] [nio-8081-exec-6] o.s.web.servlet.DispatcherServlet        : Completed 200 OK
2026-05-13T14:46:21.814+02:00 DEBUG 16660 --- [peluqueriaFAR] [nio-8081-exec-5] o.s.w.s.m.m.a.HttpEntityMethodProcessor  : Using 'application/json', given [application/json, text/plain, */*] and supported [application/json, application/*+json]
2026-05-13T14:46:21.815+02:00 DEBUG 16660 --- [peluqueriaFAR] [nio-8081-exec-5] o.s.w.s.m.m.a.HttpEntityMethodProcessor  : Writing [WorkingDaysResponse(workingDays=[MONDAY, TUESDAY, WEDNESDAY, THURSDAY, FRIDAY], morningStart=10:00,  (truncated)...]
2026-05-13T14:46:21.842+02:00 DEBUG 16660 --- [peluqueriaFAR] [nio-8081-exec-5] o.s.web.servlet.DispatcherServlet        : Completed 200 OK
2026-05-13T14:46:35.508+02:00 DEBUG 16660 --- [peluqueriaFAR] [io-8081-exec-10] org.hibernate.SQL                        : select u1_0.id,u1_0.active,u1_0.auth_provider,u1_0.created_at,u1_0.email,u1_0.enabled,u1_0.mobile_phone,u1_0.name,u1_0.password_hash,u1_0.role,u1_0.surname from users u1_0 where u1_0.email=?
Hibernate: select u1_0.id,u1_0.active,u1_0.auth_provider,u1_0.created_at,u1_0.email,u1_0.enabled,u1_0.mobile_phone,u1_0.name,u1_0.password_hash,u1_0.role,u1_0.surname from users u1_0 where u1_0.email=?
2026-05-13T14:46:35.524+02:00 DEBUG 16660 --- [peluqueriaFAR] [io-8081-exec-10] o.s.web.servlet.DispatcherServlet        : GET "/appointments/my", parameters={}
2026-05-13T14:46:35.525+02:00 DEBUG 16660 --- [peluqueriaFAR] [io-8081-exec-10] s.w.s.m.m.a.RequestMappingHandlerMapping : Mapped to org.peluqueriaFAR.peluqueriaFAR.controller.AppointmentController#getMyAppointments()
2026-05-13T14:46:35.531+02:00 DEBUG 16660 --- [peluqueriaFAR] [io-8081-exec-10] org.hibernate.SQL                        : select u1_0.id,u1_0.active,u1_0.auth_provider,u1_0.created_at,u1_0.email,u1_0.enabled,u1_0.mobile_phone,u1_0.name,u1_0.password_hash,u1_0.role,u1_0.surname from users u1_0 where u1_0.email=?
Hibernate: select u1_0.id,u1_0.active,u1_0.auth_provider,u1_0.created_at,u1_0.email,u1_0.enabled,u1_0.mobile_phone,u1_0.name,u1_0.password_hash,u1_0.role,u1_0.surname from users u1_0 where u1_0.email=?
2026-05-13T14:46:35.545+02:00 DEBUG 16660 --- [peluqueriaFAR] [io-8081-exec-10] org.hibernate.SQL                        : select distinct a1_0.id,a1_0.appointment_date,a1_0.end_time,a1_0.guest_name,a1_0.guest_phone,a1_0.start_time,a1_0.user_id from appointments a1_0 where a1_0.user_id=? or lower(trim(BOTH from coalesce(a1_0.guest_name,'')))=lower(trim(BOTH from ?))
Hibernate: select distinct a1_0.id,a1_0.appointment_date,a1_0.end_time,a1_0.guest_name,a1_0.guest_phone,a1_0.start_time,a1_0.user_id from appointments a1_0 where a1_0.user_id=? or lower(trim(BOTH from coalesce(a1_0.guest_name,'')))=lower(trim(BOTH from ?))
2026-05-13T14:46:35.557+02:00 DEBUG 16660 --- [peluqueriaFAR] [io-8081-exec-10] o.s.w.s.m.m.a.HttpEntityMethodProcessor  : Using 'application/json', given [application/json, text/plain, */*] and supported [application/json, application/*+json]
2026-05-13T14:46:35.558+02:00 DEBUG 16660 --- [peluqueriaFAR] [io-8081-exec-10] o.s.w.s.m.m.a.HttpEntityMethodProcessor  : Writing [[]]
2026-05-13T14:46:35.560+02:00 DEBUG 16660 --- [peluqueriaFAR] [io-8081-exec-10] o.s.web.servlet.DispatcherServlet        : Completed 200 OK
2026-05-13T14:46:37.591+02:00 DEBUG 16660 --- [peluqueriaFAR] [nio-8081-exec-2] org.hibernate.SQL                        : select u1_0.id,u1_0.active,u1_0.auth_provider,u1_0.created_at,u1_0.email,u1_0.enabled,u1_0.mobile_phone,u1_0.name,u1_0.password_hash,u1_0.role,u1_0.surname from users u1_0 where u1_0.email=?
Hibernate: select u1_0.id,u1_0.active,u1_0.auth_provider,u1_0.created_at,u1_0.email,u1_0.enabled,u1_0.mobile_phone,u1_0.name,u1_0.password_hash,u1_0.role,u1_0.surname from users u1_0 where u1_0.email=?
2026-05-13T14:46:37.591+02:00 DEBUG 16660 --- [peluqueriaFAR] [nio-8081-exec-1] org.hibernate.SQL                        : select u1_0.id,u1_0.active,u1_0.auth_provider,u1_0.created_at,u1_0.email,u1_0.enabled,u1_0.mobile_phone,u1_0.name,u1_0.password_hash,u1_0.role,u1_0.surname from users u1_0 where u1_0.email=?
Hibernate: select u1_0.id,u1_0.active,u1_0.auth_provider,u1_0.created_at,u1_0.email,u1_0.enabled,u1_0.mobile_phone,u1_0.name,u1_0.password_hash,u1_0.role,u1_0.surname from users u1_0 where u1_0.email=?
2026-05-13T14:46:37.606+02:00 DEBUG 16660 --- [peluqueriaFAR] [nio-8081-exec-2] o.s.web.servlet.DispatcherServlet        : GET "/appointments/occupied?date=2026-05-13", parameters={masked}
2026-05-13T14:46:37.607+02:00 DEBUG 16660 --- [peluqueriaFAR] [nio-8081-exec-2] s.w.s.m.m.a.RequestMappingHandlerMapping : Mapped to org.peluqueriaFAR.peluqueriaFAR.controller.AppointmentController#getOccupiedSlots(LocalDate)
2026-05-13T14:46:37.609+02:00 DEBUG 16660 --- [peluqueriaFAR] [nio-8081-exec-1] o.s.web.servlet.DispatcherServlet        : GET "/barber/working-days/reservation", parameters={}
2026-05-13T14:46:37.610+02:00 DEBUG 16660 --- [peluqueriaFAR] [nio-8081-exec-1] s.w.s.m.m.a.RequestMappingHandlerMapping : Mapped to org.peluqueriaFAR.peluqueriaFAR.controller.WorkingDaysController#getReservationSchedule()
2026-05-13T14:46:37.613+02:00 DEBUG 16660 --- [peluqueriaFAR] [nio-8081-exec-2] org.hibernate.SQL                        : select a1_0.id,a1_0.appointment_date,a1_0.end_time,a1_0.guest_name,a1_0.guest_phone,a1_0.start_time,a1_0.user_id from appointments a1_0 where a1_0.appointment_date=?
Hibernate: select a1_0.id,a1_0.appointment_date,a1_0.end_time,a1_0.guest_name,a1_0.guest_phone,a1_0.start_time,a1_0.user_id from appointments a1_0 where a1_0.appointment_date=?
2026-05-13T14:46:37.615+02:00 DEBUG 16660 --- [peluqueriaFAR] [nio-8081-exec-1] org.hibernate.SQL                        : select u1_0.id,u1_0.active,u1_0.auth_provider,u1_0.created_at,u1_0.email,u1_0.enabled,u1_0.mobile_phone,u1_0.name,u1_0.password_hash,u1_0.role,u1_0.surname from users u1_0 where u1_0.role=? and u1_0.active=true order by u1_0.id limit ?
Hibernate: select u1_0.id,u1_0.active,u1_0.auth_provider,u1_0.created_at,u1_0.email,u1_0.enabled,u1_0.mobile_phone,u1_0.name,u1_0.password_hash,u1_0.role,u1_0.surname from users u1_0 where u1_0.role=? and u1_0.active=true order by u1_0.id limit ?
2026-05-13T14:46:37.621+02:00 DEBUG 16660 --- [peluqueriaFAR] [nio-8081-exec-1] org.hibernate.SQL                        : select bsc1_0.id,bsc1_0.afternoon_end,bsc1_0.afternoon_start,bsc1_0.barber_id,bsc1_0.morning_end,bsc1_0.morning_start from barber_schedule_config bsc1_0 where bsc1_0.barber_id=?
Hibernate: select bsc1_0.id,bsc1_0.afternoon_end,bsc1_0.afternoon_start,bsc1_0.barber_id,bsc1_0.morning_end,bsc1_0.morning_start from barber_schedule_config bsc1_0 where bsc1_0.barber_id=?
2026-05-13T14:46:37.622+02:00 DEBUG 16660 --- [peluqueriaFAR] [nio-8081-exec-2] o.s.w.s.m.m.a.HttpEntityMethodProcessor  : Using 'application/json', given [application/json, text/plain, */*] and supported [application/json, application/*+json]
2026-05-13T14:46:37.623+02:00 DEBUG 16660 --- [peluqueriaFAR] [nio-8081-exec-2] o.s.w.s.m.m.a.HttpEntityMethodProcessor  : Writing [[]]
2026-05-13T14:46:37.625+02:00 DEBUG 16660 --- [peluqueriaFAR] [nio-8081-exec-2] o.s.web.servlet.DispatcherServlet        : Completed 200 OK
2026-05-13T14:46:37.636+02:00 DEBUG 16660 --- [peluqueriaFAR] [nio-8081-exec-1] org.hibernate.SQL                        : select u1_0.id,u1_0.active,u1_0.auth_provider,u1_0.created_at,u1_0.email,u1_0.enabled,u1_0.mobile_phone,u1_0.name,u1_0.password_hash,u1_0.role,u1_0.surname from users u1_0 where u1_0.role=? and u1_0.active=true order by u1_0.id limit ?
Hibernate: select u1_0.id,u1_0.active,u1_0.auth_provider,u1_0.created_at,u1_0.email,u1_0.enabled,u1_0.mobile_phone,u1_0.name,u1_0.password_hash,u1_0.role,u1_0.surname from users u1_0 where u1_0.role=? and u1_0.active=true order by u1_0.id limit ?
2026-05-13T14:46:37.641+02:00 DEBUG 16660 --- [peluqueriaFAR] [nio-8081-exec-1] org.hibernate.SQL                        : select bwd1_0.id,bwd1_0.barber_id,bwd1_0.day_of_week from barber_working_days bwd1_0 where bwd1_0.barber_id=?
Hibernate: select bwd1_0.id,bwd1_0.barber_id,bwd1_0.day_of_week from barber_working_days bwd1_0 where bwd1_0.barber_id=?
2026-05-13T14:46:37.648+02:00 DEBUG 16660 --- [peluqueriaFAR] [nio-8081-exec-1] o.s.w.s.m.m.a.HttpEntityMethodProcessor  : Using 'application/json', given [application/json, text/plain, */*] and supported [application/json, application/*+json]
2026-05-13T14:46:37.649+02:00 DEBUG 16660 --- [peluqueriaFAR] [nio-8081-exec-1] o.s.w.s.m.m.a.HttpEntityMethodProcessor  : Writing [WorkingDaysResponse(workingDays=[MONDAY, TUESDAY, WEDNESDAY, THURSDAY, FRIDAY], morningStart=10:00,  (truncated)...]
2026-05-13T14:46:37.650+02:00 DEBUG 16660 --- [peluqueriaFAR] [nio-8081-exec-1] o.s.web.servlet.DispatcherServlet        : Completed 200 OK
2026-05-13T14:46:38.790+02:00 DEBUG 16660 --- [peluqueriaFAR] [nio-8081-exec-3] org.hibernate.SQL                        : select u1_0.id,u1_0.active,u1_0.auth_provider,u1_0.created_at,u1_0.email,u1_0.enabled,u1_0.mobile_phone,u1_0.name,u1_0.password_hash,u1_0.role,u1_0.surname from users u1_0 where u1_0.email=?
2026-05-13T14:46:38.793+02:00 DEBUG 16660 --- [peluqueriaFAR] [nio-8081-exec-6] org.hibernate.SQL                        : select u1_0.id,u1_0.active,u1_0.auth_provider,u1_0.created_at,u1_0.email,u1_0.enabled,u1_0.mobile_phone,u1_0.name,u1_0.password_hash,u1_0.role,u1_0.surname from users u1_0 where u1_0.email=?
Hibernate: select u1_0.id,u1_0.active,u1_0.auth_provider,u1_0.created_at,u1_0.email,u1_0.enabled,u1_0.mobile_phone,u1_0.name,u1_0.password_hash,u1_0.role,u1_0.surname from users u1_0 where u1_0.email=?
Hibernate: select u1_0.id,u1_0.active,u1_0.auth_provider,u1_0.created_at,u1_0.email,u1_0.enabled,u1_0.mobile_phone,u1_0.name,u1_0.password_hash,u1_0.role,u1_0.surname from users u1_0 where u1_0.email=?
2026-05-13T14:46:38.811+02:00 DEBUG 16660 --- [peluqueriaFAR] [nio-8081-exec-3] o.s.web.servlet.DispatcherServlet        : GET "/barber/working-days/reservation", parameters={}
2026-05-13T14:46:38.811+02:00 DEBUG 16660 --- [peluqueriaFAR] [nio-8081-exec-6] o.s.web.servlet.DispatcherServlet        : GET "/appointments/occupied?date=2026-05-21", parameters={masked}
2026-05-13T14:46:38.812+02:00 DEBUG 16660 --- [peluqueriaFAR] [nio-8081-exec-3] s.w.s.m.m.a.RequestMappingHandlerMapping : Mapped to org.peluqueriaFAR.peluqueriaFAR.controller.WorkingDaysController#getReservationSchedule()
2026-05-13T14:46:38.812+02:00 DEBUG 16660 --- [peluqueriaFAR] [nio-8081-exec-6] s.w.s.m.m.a.RequestMappingHandlerMapping : Mapped to org.peluqueriaFAR.peluqueriaFAR.controller.AppointmentController#getOccupiedSlots(LocalDate)
2026-05-13T14:46:38.817+02:00 DEBUG 16660 --- [peluqueriaFAR] [nio-8081-exec-3] org.hibernate.SQL                        : select u1_0.id,u1_0.active,u1_0.auth_provider,u1_0.created_at,u1_0.email,u1_0.enabled,u1_0.mobile_phone,u1_0.name,u1_0.password_hash,u1_0.role,u1_0.surname from users u1_0 where u1_0.role=? and u1_0.active=true order by u1_0.id limit ?
Hibernate: select u1_0.id,u1_0.active,u1_0.auth_provider,u1_0.created_at,u1_0.email,u1_0.enabled,u1_0.mobile_phone,u1_0.name,u1_0.password_hash,u1_0.role,u1_0.surname from users u1_0 where u1_0.role=? and u1_0.active=true order by u1_0.id limit ?
2026-05-13T14:46:38.817+02:00 DEBUG 16660 --- [peluqueriaFAR] [nio-8081-exec-6] org.hibernate.SQL                        : select a1_0.id,a1_0.appointment_date,a1_0.end_time,a1_0.guest_name,a1_0.guest_phone,a1_0.start_time,a1_0.user_id from appointments a1_0 where a1_0.appointment_date=?
Hibernate: select a1_0.id,a1_0.appointment_date,a1_0.end_time,a1_0.guest_name,a1_0.guest_phone,a1_0.start_time,a1_0.user_id from appointments a1_0 where a1_0.appointment_date=?
2026-05-13T14:46:38.823+02:00 DEBUG 16660 --- [peluqueriaFAR] [nio-8081-exec-3] org.hibernate.SQL                        : select bsc1_0.id,bsc1_0.afternoon_end,bsc1_0.afternoon_start,bsc1_0.barber_id,bsc1_0.morning_end,bsc1_0.morning_start from barber_schedule_config bsc1_0 where bsc1_0.barber_id=?
Hibernate: select bsc1_0.id,bsc1_0.afternoon_end,bsc1_0.afternoon_start,bsc1_0.barber_id,bsc1_0.morning_end,bsc1_0.morning_start from barber_schedule_config bsc1_0 where bsc1_0.barber_id=?
2026-05-13T14:46:38.827+02:00 DEBUG 16660 --- [peluqueriaFAR] [nio-8081-exec-6] o.s.w.s.m.m.a.HttpEntityMethodProcessor  : Using 'application/json', given [application/json, text/plain, */*] and supported [application/json, application/*+json]
2026-05-13T14:46:38.827+02:00 DEBUG 16660 --- [peluqueriaFAR] [nio-8081-exec-6] o.s.w.s.m.m.a.HttpEntityMethodProcessor  : Writing [[]]
2026-05-13T14:46:38.829+02:00 DEBUG 16660 --- [peluqueriaFAR] [nio-8081-exec-6] o.s.web.servlet.DispatcherServlet        : Completed 200 OK
2026-05-13T14:46:38.838+02:00 DEBUG 16660 --- [peluqueriaFAR] [nio-8081-exec-3] org.hibernate.SQL                        : select u1_0.id,u1_0.active,u1_0.auth_provider,u1_0.created_at,u1_0.email,u1_0.enabled,u1_0.mobile_phone,u1_0.name,u1_0.password_hash,u1_0.role,u1_0.surname from users u1_0 where u1_0.role=? and u1_0.active=true order by u1_0.id limit ?
Hibernate: select u1_0.id,u1_0.active,u1_0.auth_provider,u1_0.created_at,u1_0.email,u1_0.enabled,u1_0.mobile_phone,u1_0.name,u1_0.password_hash,u1_0.role,u1_0.surname from users u1_0 where u1_0.role=? and u1_0.active=true order by u1_0.id limit ?
2026-05-13T14:46:38.844+02:00 DEBUG 16660 --- [peluqueriaFAR] [nio-8081-exec-3] org.hibernate.SQL                        : select bwd1_0.id,bwd1_0.barber_id,bwd1_0.day_of_week from barber_working_days bwd1_0 where bwd1_0.barber_id=?
Hibernate: select bwd1_0.id,bwd1_0.barber_id,bwd1_0.day_of_week from barber_working_days bwd1_0 where bwd1_0.barber_id=?
2026-05-13T14:46:38.855+02:00 DEBUG 16660 --- [peluqueriaFAR] [nio-8081-exec-3] o.s.w.s.m.m.a.HttpEntityMethodProcessor  : Using 'application/json', given [application/json, text/plain, */*] and supported [application/json, application/*+json]
2026-05-13T14:46:38.856+02:00 DEBUG 16660 --- [peluqueriaFAR] [nio-8081-exec-3] o.s.w.s.m.m.a.HttpEntityMethodProcessor  : Writing [WorkingDaysResponse(workingDays=[MONDAY, TUESDAY, WEDNESDAY, THURSDAY, FRIDAY], morningStart=10:00,  (truncated)...]
2026-05-13T14:46:38.858+02:00 DEBUG 16660 --- [peluqueriaFAR] [nio-8081-exec-3] o.s.web.servlet.DispatcherServlet        : Completed 200 OK
2026-05-13T14:46:40.596+02:00 DEBUG 16660 --- [peluqueriaFAR] [nio-8081-exec-5] org.hibernate.SQL                        : select u1_0.id,u1_0.active,u1_0.auth_provider,u1_0.created_at,u1_0.email,u1_0.enabled,u1_0.mobile_phone,u1_0.name,u1_0.password_hash,u1_0.role,u1_0.surname from users u1_0 where u1_0.email=?
2026-05-13T14:46:40.596+02:00 DEBUG 16660 --- [peluqueriaFAR] [nio-8081-exec-7] org.hibernate.SQL                        : select u1_0.id,u1_0.active,u1_0.auth_provider,u1_0.created_at,u1_0.email,u1_0.enabled,u1_0.mobile_phone,u1_0.name,u1_0.password_hash,u1_0.role,u1_0.surname from users u1_0 where u1_0.email=?
Hibernate: select u1_0.id,u1_0.active,u1_0.auth_provider,u1_0.created_at,u1_0.email,u1_0.enabled,u1_0.mobile_phone,u1_0.name,u1_0.password_hash,u1_0.role,u1_0.surname from users u1_0 where u1_0.email=?
Hibernate: select u1_0.id,u1_0.active,u1_0.auth_provider,u1_0.created_at,u1_0.email,u1_0.enabled,u1_0.mobile_phone,u1_0.name,u1_0.password_hash,u1_0.role,u1_0.surname from users u1_0 where u1_0.email=?
2026-05-13T14:46:40.608+02:00 DEBUG 16660 --- [peluqueriaFAR] [nio-8081-exec-7] o.s.web.servlet.DispatcherServlet        : GET "/appointments/occupied?date=2026-05-13", parameters={masked}
2026-05-13T14:46:40.608+02:00 DEBUG 16660 --- [peluqueriaFAR] [nio-8081-exec-5] o.s.web.servlet.DispatcherServlet        : GET "/barber/working-days/reservation", parameters={}
2026-05-13T14:46:40.609+02:00 DEBUG 16660 --- [peluqueriaFAR] [nio-8081-exec-7] s.w.s.m.m.a.RequestMappingHandlerMapping : Mapped to org.peluqueriaFAR.peluqueriaFAR.controller.AppointmentController#getOccupiedSlots(LocalDate)
2026-05-13T14:46:40.609+02:00 DEBUG 16660 --- [peluqueriaFAR] [nio-8081-exec-5] s.w.s.m.m.a.RequestMappingHandlerMapping : Mapped to org.peluqueriaFAR.peluqueriaFAR.controller.WorkingDaysController#getReservationSchedule()
2026-05-13T14:46:40.614+02:00 DEBUG 16660 --- [peluqueriaFAR] [nio-8081-exec-5] org.hibernate.SQL                        : select u1_0.id,u1_0.active,u1_0.auth_provider,u1_0.created_at,u1_0.email,u1_0.enabled,u1_0.mobile_phone,u1_0.name,u1_0.password_hash,u1_0.role,u1_0.surname from users u1_0 where u1_0.role=? and u1_0.active=true order by u1_0.id limit ?
2026-05-13T14:46:40.614+02:00 DEBUG 16660 --- [peluqueriaFAR] [nio-8081-exec-7] org.hibernate.SQL                        : select a1_0.id,a1_0.appointment_date,a1_0.end_time,a1_0.guest_name,a1_0.guest_phone,a1_0.start_time,a1_0.user_id from appointments a1_0 where a1_0.appointment_date=?
Hibernate: select a1_0.id,a1_0.appointment_date,a1_0.end_time,a1_0.guest_name,a1_0.guest_phone,a1_0.start_time,a1_0.user_id from appointments a1_0 where a1_0.appointment_date=?
Hibernate: select u1_0.id,u1_0.active,u1_0.auth_provider,u1_0.created_at,u1_0.email,u1_0.enabled,u1_0.mobile_phone,u1_0.name,u1_0.password_hash,u1_0.role,u1_0.surname from users u1_0 where u1_0.role=? and u1_0.active=true order by u1_0.id limit ?
2026-05-13T14:46:40.621+02:00 DEBUG 16660 --- [peluqueriaFAR] [nio-8081-exec-5] org.hibernate.SQL                        : select bsc1_0.id,bsc1_0.afternoon_end,bsc1_0.afternoon_start,bsc1_0.barber_id,bsc1_0.morning_end,bsc1_0.morning_start from barber_schedule_config bsc1_0 where bsc1_0.barber_id=?
Hibernate: select bsc1_0.id,bsc1_0.afternoon_end,bsc1_0.afternoon_start,bsc1_0.barber_id,bsc1_0.morning_end,bsc1_0.morning_start from barber_schedule_config bsc1_0 where bsc1_0.barber_id=?
2026-05-13T14:46:40.624+02:00 DEBUG 16660 --- [peluqueriaFAR] [nio-8081-exec-7] o.s.w.s.m.m.a.HttpEntityMethodProcessor  : Using 'application/json', given [application/json, text/plain, */*] and supported [application/json, application/*+json]
2026-05-13T14:46:40.625+02:00 DEBUG 16660 --- [peluqueriaFAR] [nio-8081-exec-7] o.s.w.s.m.m.a.HttpEntityMethodProcessor  : Writing [[]]
2026-05-13T14:46:40.626+02:00 DEBUG 16660 --- [peluqueriaFAR] [nio-8081-exec-7] o.s.web.servlet.DispatcherServlet        : Completed 200 OK
2026-05-13T14:46:40.632+02:00 DEBUG 16660 --- [peluqueriaFAR] [nio-8081-exec-5] org.hibernate.SQL                        : select u1_0.id,u1_0.active,u1_0.auth_provider,u1_0.created_at,u1_0.email,u1_0.enabled,u1_0.mobile_phone,u1_0.name,u1_0.password_hash,u1_0.role,u1_0.surname from users u1_0 where u1_0.role=? and u1_0.active=true order by u1_0.id limit ?
Hibernate: select u1_0.id,u1_0.active,u1_0.auth_provider,u1_0.created_at,u1_0.email,u1_0.enabled,u1_0.mobile_phone,u1_0.name,u1_0.password_hash,u1_0.role,u1_0.surname from users u1_0 where u1_0.role=? and u1_0.active=true order by u1_0.id limit ?
2026-05-13T14:46:40.637+02:00 DEBUG 16660 --- [peluqueriaFAR] [nio-8081-exec-5] org.hibernate.SQL                        : select bwd1_0.id,bwd1_0.barber_id,bwd1_0.day_of_week from barber_working_days bwd1_0 where bwd1_0.barber_id=?
Hibernate: select bwd1_0.id,bwd1_0.barber_id,bwd1_0.day_of_week from barber_working_days bwd1_0 where bwd1_0.barber_id=?
2026-05-13T14:46:40.644+02:00 DEBUG 16660 --- [peluqueriaFAR] [nio-8081-exec-5] o.s.w.s.m.m.a.HttpEntityMethodProcessor  : Using 'application/json', given [application/json, text/plain, */*] and supported [application/json, application/*+json]
2026-05-13T14:46:40.645+02:00 DEBUG 16660 --- [peluqueriaFAR] [nio-8081-exec-5] o.s.w.s.m.m.a.HttpEntityMethodProcessor  : Writing [WorkingDaysResponse(workingDays=[MONDAY, TUESDAY, WEDNESDAY, THURSDAY, FRIDAY], morningStart=10:00,  (truncated)...]
2026-05-13T14:46:40.646+02:00 DEBUG 16660 --- [peluqueriaFAR] [nio-8081-exec-5] o.s.web.servlet.DispatcherServlet        : Completed 200 OK
2026-05-13T14:46:44.108+02:00 DEBUG 16660 --- [peluqueriaFAR] [nio-8081-exec-9] org.hibernate.SQL                        : select u1_0.id,u1_0.active,u1_0.auth_provider,u1_0.created_at,u1_0.email,u1_0.enabled,u1_0.mobile_phone,u1_0.name,u1_0.password_hash,u1_0.role,u1_0.surname from users u1_0 where u1_0.email=?
Hibernate: select u1_0.id,u1_0.active,u1_0.auth_provider,u1_0.created_at,u1_0.email,u1_0.enabled,u1_0.mobile_phone,u1_0.name,u1_0.password_hash,u1_0.role,u1_0.surname from users u1_0 where u1_0.email=?
2026-05-13T14:46:44.119+02:00 DEBUG 16660 --- [peluqueriaFAR] [nio-8081-exec-9] o.s.web.servlet.DispatcherServlet        : POST "/appointments", parameters={}
2026-05-13T14:46:44.120+02:00 DEBUG 16660 --- [peluqueriaFAR] [nio-8081-exec-9] s.w.s.m.m.a.RequestMappingHandlerMapping : Mapped to org.peluqueriaFAR.peluqueriaFAR.controller.AppointmentController#createAppointment(CreateAppointmentRequest)
2026-05-13T14:46:44.124+02:00 DEBUG 16660 --- [peluqueriaFAR] [nio-8081-exec-9] m.m.a.RequestResponseBodyMethodProcessor : Read "application/json;charset=UTF-8" to [CreateAppointmentRequest(appointmentDate=2026-05-13, startTime=16:30, guestName=Pedro Vázquez Palomi (truncated)...]
2026-05-13T14:46:44.167+02:00 DEBUG 16660 --- [peluqueriaFAR] [nio-8081-exec-9] org.hibernate.SQL                        : select u1_0.id,u1_0.active,u1_0.auth_provider,u1_0.created_at,u1_0.email,u1_0.enabled,u1_0.mobile_phone,u1_0.name,u1_0.password_hash,u1_0.role,u1_0.surname from users u1_0 where u1_0.role=? and u1_0.active=true order by u1_0.id limit ?
Hibernate: select u1_0.id,u1_0.active,u1_0.auth_provider,u1_0.created_at,u1_0.email,u1_0.enabled,u1_0.mobile_phone,u1_0.name,u1_0.password_hash,u1_0.role,u1_0.surname from users u1_0 where u1_0.role=? and u1_0.active=true order by u1_0.id limit ?
2026-05-13T14:46:44.172+02:00 DEBUG 16660 --- [peluqueriaFAR] [nio-8081-exec-9] org.hibernate.SQL                        : select bwd1_0.id,bwd1_0.barber_id,bwd1_0.day_of_week from barber_working_days bwd1_0 where bwd1_0.barber_id=?
Hibernate: select bwd1_0.id,bwd1_0.barber_id,bwd1_0.day_of_week from barber_working_days bwd1_0 where bwd1_0.barber_id=?
2026-05-13T14:46:44.177+02:00 DEBUG 16660 --- [peluqueriaFAR] [nio-8081-exec-9] org.hibernate.SQL                        : select u1_0.id,u1_0.active,u1_0.auth_provider,u1_0.created_at,u1_0.email,u1_0.enabled,u1_0.mobile_phone,u1_0.name,u1_0.password_hash,u1_0.role,u1_0.surname from users u1_0 where u1_0.role=? and u1_0.active=true order by u1_0.id limit ?
Hibernate: select u1_0.id,u1_0.active,u1_0.auth_provider,u1_0.created_at,u1_0.email,u1_0.enabled,u1_0.mobile_phone,u1_0.name,u1_0.password_hash,u1_0.role,u1_0.surname from users u1_0 where u1_0.role=? and u1_0.active=true order by u1_0.id limit ?
2026-05-13T14:46:44.181+02:00 DEBUG 16660 --- [peluqueriaFAR] [nio-8081-exec-9] org.hibernate.SQL                        : select bsc1_0.id,bsc1_0.afternoon_end,bsc1_0.afternoon_start,bsc1_0.barber_id,bsc1_0.morning_end,bsc1_0.morning_start from barber_schedule_config bsc1_0 where bsc1_0.barber_id=?
Hibernate: select bsc1_0.id,bsc1_0.afternoon_end,bsc1_0.afternoon_start,bsc1_0.barber_id,bsc1_0.morning_end,bsc1_0.morning_start from barber_schedule_config bsc1_0 where bsc1_0.barber_id=?
2026-05-13T14:46:44.190+02:00 DEBUG 16660 --- [peluqueriaFAR] [nio-8081-exec-9] org.hibernate.SQL                        : select a1_0.id from appointments a1_0 where a1_0.appointment_date=? and a1_0.start_time=? limit ?
Hibernate: select a1_0.id from appointments a1_0 where a1_0.appointment_date=? and a1_0.start_time=? limit ?
2026-05-13T14:46:44.204+02:00 DEBUG 16660 --- [peluqueriaFAR] [nio-8081-exec-9] org.hibernate.SQL                        : select (count(bs1_0.id)>0) from blocked_slots bs1_0 where bs1_0.blocked_date=? and (bs1_0.all_day=true or (bs1_0.all_day=false and bs1_0.start_time is not null and bs1_0.end_time is not null and (?<bs1_0.end_time and ?>bs1_0.start_time)))
Hibernate: select (count(bs1_0.id)>0) from blocked_slots bs1_0 where bs1_0.blocked_date=? and (bs1_0.all_day=true or (bs1_0.all_day=false and bs1_0.start_time is not null and bs1_0.end_time is not null and (?<bs1_0.end_time and ?>bs1_0.start_time)))
2026-05-13T14:46:44.210+02:00 DEBUG 16660 --- [peluqueriaFAR] [nio-8081-exec-9] org.hibernate.SQL                        : select u1_0.id,u1_0.active,u1_0.auth_provider,u1_0.created_at,u1_0.email,u1_0.enabled,u1_0.mobile_phone,u1_0.name,u1_0.password_hash,u1_0.role,u1_0.surname from users u1_0 where u1_0.email=?
Hibernate: select u1_0.id,u1_0.active,u1_0.auth_provider,u1_0.created_at,u1_0.email,u1_0.enabled,u1_0.mobile_phone,u1_0.name,u1_0.password_hash,u1_0.role,u1_0.surname from users u1_0 where u1_0.email=?
2026-05-13T14:46:44.226+02:00 DEBUG 16660 --- [peluqueriaFAR] [nio-8081-exec-9] org.hibernate.SQL                        : insert into appointments (appointment_date,end_time,guest_name,guest_phone,start_time,user_id) values (?,?,?,?,?,?)
Hibernate: insert into appointments (appointment_date,end_time,guest_name,guest_phone,start_time,user_id) values (?,?,?,?,?,?)
2026-05-13T14:46:44.265+02:00 DEBUG 16660 --- [peluqueriaFAR] [nio-8081-exec-9] o.s.w.s.m.m.a.HttpEntityMethodProcessor  : Using 'application/json', given [application/json, text/plain, */*] and supported [application/json, application/*+json]
2026-05-13T14:46:44.270+02:00 DEBUG 16660 --- [peluqueriaFAR] [nio-8081-exec-9] o.s.w.s.m.m.a.HttpEntityMethodProcessor  : Writing [CreateAppointmentResponse[id=80, message=La cita se ha confirmado correctamente., appointmentDate=20 (truncated)...]
2026-05-13T14:46:44.274+02:00 DEBUG 16660 --- [peluqueriaFAR] [nio-8081-exec-9] o.s.web.servlet.DispatcherServlet        : Completed 201 CREATED
2026-05-13T14:46:44.284+02:00 DEBUG 16660 --- [peluqueriaFAR] [nio-8081-exec-2] org.hibernate.SQL                        : select u1_0.id,u1_0.active,u1_0.auth_provider,u1_0.created_at,u1_0.email,u1_0.enabled,u1_0.mobile_phone,u1_0.name,u1_0.password_hash,u1_0.role,u1_0.surname from users u1_0 where u1_0.email=?
Hibernate: select u1_0.id,u1_0.active,u1_0.auth_provider,u1_0.created_at,u1_0.email,u1_0.enabled,u1_0.mobile_phone,u1_0.name,u1_0.password_hash,u1_0.role,u1_0.surname from users u1_0 where u1_0.email=?
2026-05-13T14:46:44.295+02:00 DEBUG 16660 --- [peluqueriaFAR] [nio-8081-exec-2] o.s.web.servlet.DispatcherServlet        : GET "/appointments/occupied?date=2026-05-13", parameters={masked}
2026-05-13T14:46:44.296+02:00 DEBUG 16660 --- [peluqueriaFAR] [nio-8081-exec-2] s.w.s.m.m.a.RequestMappingHandlerMapping : Mapped to org.peluqueriaFAR.peluqueriaFAR.controller.AppointmentController#getOccupiedSlots(LocalDate)
2026-05-13T14:46:44.300+02:00 DEBUG 16660 --- [peluqueriaFAR] [nio-8081-exec-2] org.hibernate.SQL                        : select a1_0.id,a1_0.appointment_date,a1_0.end_time,a1_0.guest_name,a1_0.guest_phone,a1_0.start_time,a1_0.user_id from appointments a1_0 where a1_0.appointment_date=?
Hibernate: select a1_0.id,a1_0.appointment_date,a1_0.end_time,a1_0.guest_name,a1_0.guest_phone,a1_0.start_time,a1_0.user_id from appointments a1_0 where a1_0.appointment_date=?
2026-05-13T14:46:44.307+02:00 DEBUG 16660 --- [peluqueriaFAR] [nio-8081-exec-2] org.hibernate.SQL                        : select er1_0.id,er1_0.appointment_id,a1_0.id,a1_0.appointment_date,a1_0.end_time,a1_0.guest_name,a1_0.guest_phone,a1_0.start_time,u1_0.id,u1_0.active,u1_0.auth_provider,u1_0.created_at,u1_0.email,u1_0.enabled,u1_0.mobile_phone,u1_0.name,u1_0.password_hash,u1_0.role,u1_0.surname,er1_0.schedule_send,er1_0.sent,er1_0.sent_at from email_reminders er1_0 join appointments a1_0 on a1_0.id=er1_0.appointment_id left join users u1_0 on u1_0.id=a1_0.user_id where er1_0.appointment_id=?
Hibernate: select er1_0.id,er1_0.appointment_id,a1_0.id,a1_0.appointment_date,a1_0.end_time,a1_0.guest_name,a1_0.guest_phone,a1_0.start_time,u1_0.id,u1_0.active,u1_0.auth_provider,u1_0.created_at,u1_0.email,u1_0.enabled,u1_0.mobile_phone,u1_0.name,u1_0.password_hash,u1_0.role,u1_0.surname,er1_0.schedule_send,er1_0.sent,er1_0.sent_at from email_reminders er1_0 join appointments a1_0 on a1_0.id=er1_0.appointment_id left join users u1_0 on u1_0.id=a1_0.user_id where er1_0.appointment_id=?
2026-05-13T14:46:44.315+02:00 DEBUG 16660 --- [peluqueriaFAR] [nio-8081-exec-2] org.hibernate.SQL                        : select u1_0.id,u1_0.active,u1_0.auth_provider,u1_0.created_at,u1_0.email,u1_0.enabled,u1_0.mobile_phone,u1_0.name,u1_0.password_hash,u1_0.role,u1_0.surname from users u1_0 where u1_0.id=?
Hibernate: select u1_0.id,u1_0.active,u1_0.auth_provider,u1_0.created_at,u1_0.email,u1_0.enabled,u1_0.mobile_phone,u1_0.name,u1_0.password_hash,u1_0.role,u1_0.surname from users u1_0 where u1_0.id=?
2026-05-13T14:46:44.325+02:00 DEBUG 16660 --- [peluqueriaFAR] [nio-8081-exec-2] o.s.w.s.m.m.a.HttpEntityMethodProcessor  : Using 'application/json', given [application/json, text/plain, */*] and supported [application/json, application/*+json]
2026-05-13T14:46:44.326+02:00 DEBUG 16660 --- [peluqueriaFAR] [nio-8081-exec-2] o.s.w.s.m.m.a.HttpEntityMethodProcessor  : Writing [[16:30]]
2026-05-13T14:46:44.328+02:00 DEBUG 16660 --- [peluqueriaFAR] [nio-8081-exec-2] o.s.web.servlet.DispatcherServlet        : Completed 200 OK
2026-05-13T14:46:48.991+02:00 DEBUG 16660 --- [peluqueriaFAR] [nio-8081-exec-4] org.hibernate.SQL                        : select u1_0.id,u1_0.active,u1_0.auth_provider,u1_0.created_at,u1_0.email,u1_0.enabled,u1_0.mobile_phone,u1_0.name,u1_0.password_hash,u1_0.role,u1_0.surname from users u1_0 where u1_0.email=?
Hibernate: select u1_0.id,u1_0.active,u1_0.auth_provider,u1_0.created_at,u1_0.email,u1_0.enabled,u1_0.mobile_phone,u1_0.name,u1_0.password_hash,u1_0.role,u1_0.surname from users u1_0 where u1_0.email=?
2026-05-13T14:46:49.005+02:00 DEBUG 16660 --- [peluqueriaFAR] [nio-8081-exec-4] o.s.web.servlet.DispatcherServlet        : GET "/appointments/my", parameters={}
2026-05-13T14:46:49.006+02:00 DEBUG 16660 --- [peluqueriaFAR] [nio-8081-exec-4] s.w.s.m.m.a.RequestMappingHandlerMapping : Mapped to org.peluqueriaFAR.peluqueriaFAR.controller.AppointmentController#getMyAppointments()
2026-05-13T14:46:49.012+02:00 DEBUG 16660 --- [peluqueriaFAR] [nio-8081-exec-4] org.hibernate.SQL                        : select u1_0.id,u1_0.active,u1_0.auth_provider,u1_0.created_at,u1_0.email,u1_0.enabled,u1_0.mobile_phone,u1_0.name,u1_0.password_hash,u1_0.role,u1_0.surname from users u1_0 where u1_0.email=?
Hibernate: select u1_0.id,u1_0.active,u1_0.auth_provider,u1_0.created_at,u1_0.email,u1_0.enabled,u1_0.mobile_phone,u1_0.name,u1_0.password_hash,u1_0.role,u1_0.surname from users u1_0 where u1_0.email=?
2026-05-13T14:46:49.019+02:00 DEBUG 16660 --- [peluqueriaFAR] [nio-8081-exec-4] org.hibernate.SQL                        : select distinct a1_0.id,a1_0.appointment_date,a1_0.end_time,a1_0.guest_name,a1_0.guest_phone,a1_0.start_time,a1_0.user_id from appointments a1_0 where a1_0.user_id=? or lower(trim(BOTH from coalesce(a1_0.guest_name,'')))=lower(trim(BOTH from ?))
Hibernate: select distinct a1_0.id,a1_0.appointment_date,a1_0.end_time,a1_0.guest_name,a1_0.guest_phone,a1_0.start_time,a1_0.user_id from appointments a1_0 where a1_0.user_id=? or lower(trim(BOTH from coalesce(a1_0.guest_name,'')))=lower(trim(BOTH from ?))
2026-05-13T14:46:49.024+02:00 DEBUG 16660 --- [peluqueriaFAR] [nio-8081-exec-4] org.hibernate.SQL                        : select er1_0.id,er1_0.appointment_id,a1_0.id,a1_0.appointment_date,a1_0.end_time,a1_0.guest_name,a1_0.guest_phone,a1_0.start_time,u1_0.id,u1_0.active,u1_0.auth_provider,u1_0.created_at,u1_0.email,u1_0.enabled,u1_0.mobile_phone,u1_0.name,u1_0.password_hash,u1_0.role,u1_0.surname,er1_0.schedule_send,er1_0.sent,er1_0.sent_at from email_reminders er1_0 join appointments a1_0 on a1_0.id=er1_0.appointment_id left join users u1_0 on u1_0.id=a1_0.user_id where er1_0.appointment_id=?
Hibernate: select er1_0.id,er1_0.appointment_id,a1_0.id,a1_0.appointment_date,a1_0.end_time,a1_0.guest_name,a1_0.guest_phone,a1_0.start_time,u1_0.id,u1_0.active,u1_0.auth_provider,u1_0.created_at,u1_0.email,u1_0.enabled,u1_0.mobile_phone,u1_0.name,u1_0.password_hash,u1_0.role,u1_0.surname,er1_0.schedule_send,er1_0.sent,er1_0.sent_at from email_reminders er1_0 join appointments a1_0 on a1_0.id=er1_0.appointment_id left join users u1_0 on u1_0.id=a1_0.user_id where er1_0.appointment_id=?
2026-05-13T14:46:49.037+02:00 DEBUG 16660 --- [peluqueriaFAR] [nio-8081-exec-4] o.s.w.s.m.m.a.HttpEntityMethodProcessor  : Using 'application/json', given [application/json, text/plain, */*] and supported [application/json, application/*+json]
2026-05-13T14:46:49.038+02:00 DEBUG 16660 --- [peluqueriaFAR] [nio-8081-exec-4] o.s.w.s.m.m.a.HttpEntityMethodProcessor  : Writing [[AppointmentResponse(id=80, appointmentDate=2026-05-13, startTime=16:30, endTime=16:45, guestName=Pe (truncated)...]
2026-05-13T14:46:49.043+02:00 DEBUG 16660 --- [peluqueriaFAR] [nio-8081-exec-4] o.s.web.servlet.DispatcherServlet        : Completed 200 OK
2026-05-13T14:47:01.839+02:00 DEBUG 16660 --- [peluqueriaFAR] [nio-8081-exec-3] org.hibernate.SQL                        : select u1_0.id,u1_0.active,u1_0.auth_provider,u1_0.created_at,u1_0.email,u1_0.enabled,u1_0.mobile_phone,u1_0.name,u1_0.password_hash,u1_0.role,u1_0.surname from users u1_0 where u1_0.email=?
Hibernate: select u1_0.id,u1_0.active,u1_0.auth_provider,u1_0.created_at,u1_0.email,u1_0.enabled,u1_0.mobile_phone,u1_0.name,u1_0.password_hash,u1_0.role,u1_0.surname from users u1_0 where u1_0.email=?
2026-05-13T14:47:01.850+02:00 DEBUG 16660 --- [peluqueriaFAR] [nio-8081-exec-3] o.s.web.servlet.DispatcherServlet        : DELETE "/appointments/80", parameters={}
2026-05-13T14:47:01.851+02:00 DEBUG 16660 --- [peluqueriaFAR] [nio-8081-exec-3] s.w.s.m.m.a.RequestMappingHandlerMapping : Mapped to org.peluqueriaFAR.peluqueriaFAR.controller.AppointmentController#deleteAppointment(Long)
2026-05-13T14:47:01.857+02:00 DEBUG 16660 --- [peluqueriaFAR] [nio-8081-exec-3] org.hibernate.SQL                        : select a1_0.id,a1_0.appointment_date,er1_0.id,er1_0.appointment_id,er1_0.schedule_send,er1_0.sent,er1_0.sent_at,a1_0.end_time,a1_0.guest_name,a1_0.guest_phone,a1_0.start_time,u1_0.id,u1_0.active,u1_0.auth_provider,u1_0.created_at,u1_0.email,u1_0.enabled,u1_0.mobile_phone,u1_0.name,u1_0.password_hash,u1_0.role,u1_0.surname from appointments a1_0 left join email_reminders er1_0 on a1_0.id=er1_0.appointment_id left join users u1_0 on u1_0.id=a1_0.user_id where a1_0.id=?
Hibernate: select a1_0.id,a1_0.appointment_date,er1_0.id,er1_0.appointment_id,er1_0.schedule_send,er1_0.sent,er1_0.sent_at,a1_0.end_time,a1_0.guest_name,a1_0.guest_phone,a1_0.start_time,u1_0.id,u1_0.active,u1_0.auth_provider,u1_0.created_at,u1_0.email,u1_0.enabled,u1_0.mobile_phone,u1_0.name,u1_0.password_hash,u1_0.role,u1_0.surname from appointments a1_0 left join email_reminders er1_0 on a1_0.id=er1_0.appointment_id left join users u1_0 on u1_0.id=a1_0.user_id where a1_0.id=?
2026-05-13T14:47:01.865+02:00 DEBUG 16660 --- [peluqueriaFAR] [nio-8081-exec-3] org.hibernate.SQL                        : select u1_0.id,u1_0.active,u1_0.auth_provider,u1_0.created_at,u1_0.email,u1_0.enabled,u1_0.mobile_phone,u1_0.name,u1_0.password_hash,u1_0.role,u1_0.surname from users u1_0 where u1_0.email=?
Hibernate: select u1_0.id,u1_0.active,u1_0.auth_provider,u1_0.created_at,u1_0.email,u1_0.enabled,u1_0.mobile_phone,u1_0.name,u1_0.password_hash,u1_0.role,u1_0.surname from users u1_0 where u1_0.email=?
2026-05-13T14:47:01.886+02:00 DEBUG 16660 --- [peluqueriaFAR] [nio-8081-exec-3] org.hibernate.SQL                        : delete from appointments where id=?
Hibernate: delete from appointments where id=?
2026-05-13T14:47:01.903+02:00 DEBUG 16660 --- [peluqueriaFAR] [nio-8081-exec-3] o.s.w.s.m.m.a.HttpEntityMethodProcessor  : Using 'application/json', given [application/json, text/plain, */*] and supported [application/json, application/*+json]
2026-05-13T14:47:01.904+02:00 DEBUG 16660 --- [peluqueriaFAR] [nio-8081-exec-3] o.s.w.s.m.m.a.HttpEntityMethodProcessor  : Nothing to write: null body
2026-05-13T14:47:01.905+02:00 DEBUG 16660 --- [peluqueriaFAR] [nio-8081-exec-3] o.s.web.servlet.DispatcherServlet        : Completed 204 NO_CONTENT
